Name,Description,Regular Price,In Stock?,Tags,Images
Ocean Blue Iridescent Labradorite Electroformed Pendant Necklace,‚ú®üåäThis beautifully bright copper pendant has been Electroformed with a natural Labradorite stone and has a double helix bail. The stunningly bright copper has been sealed with an environmentally friendly sealant to maintain appearance ‚ú®,55,1,"ocean,Labradorite,blue,iridescent,teardrop,Gold,golden,boho,bohemian,unique,electroformed,Shiny,hamdmade","https://i.etsystatic.com/20733072/r/il/f386cd/2772510838/il_fullxfull.2772510838_iw1v.jpg, https://i.etsystatic.com/20733072/r/il/114a95/2820196431/il_fullxfull.2820196431_htqr.jpg,        https://i.etsystatic.com/20733072/r/il/d3da78/2772511382/il_fullxfull.2772511382_bwi9.jpg,        https://i.etsystatic.com/20733072/r/il/028acf/2820196547/il_fullxfull.2820196547_s58i.jpg, https://i.etsystatic.com/20733072/r/il/96afd2/2820196769/il_fullxfull.2820196769_nr3z.jpg,        https://i.etsystatic.com/20733072/r/il/d2ca8b/2820196871/il_fullxfull.2820196871_ifx4.jpg,        https://i.etsystatic.com/20733072/r/il/a46043/2772511870/il_fullxfull.2772511870_lgj4.jpg,        https://i.etsystatic.com/20733072/r/il/ff1e84/2772512206/il_fullxfull.2772512206_qeum.jpg,        https://i.etsystatic.com/20733072/r/il/64a299/2823872467/il_fullxfull.2823872467_h5cl.jpg,        https://i.etsystatic.com/20733072/r/il/e806a9/2820197253/il_fullxfull.2820197253_fozs.jpg"
Rainbow Labradorite and Amazonite Copper Electroformed Stacked Pendant Necklace,‚ú®This beautifully bright stacked stone copper pendant has been Electroformed with natural Labradorite and Amazonite stones and has a double helix bail. The stunningly bright copper has been sealed with an environmentally friendly sealant to maintain appearance ‚ú®,62,1,"Labradorite,copper,Amazonite,gold,Blue,green,Orange,bohemian,iridescent,boho,natural,geometric,unique","https://i.etsystatic.com/20733072/r/il/c72e29/2820188975/il_fullxfull.2820188975_h3ux.jpg, https://i.etsystatic.com/20733072/r/il/33d21b/2820188237/il_fullxfull.2820188237_mn7n.jpg,	https://i.etsystatic.com/20733072/r/il/555fd6/2772502818/il_fullxfull.2772502818_kcxy.jpg,	https://i.etsystatic.com/20733072/r/il/4b5e16/2820188395/il_fullxfull.2820188395_2l9z.jpg,	https://i.etsystatic.com/20733072/r/il/bde15f/2772503286/il_fullxfull.2772503286_1p9e.jpg,	https://i.etsystatic.com/20733072/r/il/46c553/2772503420/il_fullxfull.2772503420_87ja.jpg,	https://i.etsystatic.com/20733072/r/il/7fe364/2772503628/il_fullxfull.2772503628_oi8s.jpg,	https://i.etsystatic.com/20733072/r/il/f4ef69/2820189069/il_fullxfull.2820189069_9jmp.jpg,	https://i.etsystatic.com/20733072/r/il/6fa448/2772503942/il_fullxfull.2772503942_8nq9.jpg,	https://i.etsystatic.com/20733072/r/il/54e19f/2772503988/il_fullxfull.2772503988_hzkm.jpg"
Bumblebee Copper Electroformed Midnight Blue Goldstone Pendant Y-Necklace,"üêù Dainty Bumblebee copper Electroformed pendant Y-Necklace, featuring a midnight blue goldstone bead at the center. The copper bumblebee has be sealed with an environmentally friendly sealant to maintain appearance ‚ú®",40,1,"Y_Necklace,Copper,bumblebee,bee,blue,goldstone,Electroformed,choker,boho,iridescent,insect,bug,Midnight","https://i.etsystatic.com/20733072/r/il/332f39/2774707200/il_fullxfull.2774707200_9256.jpg, https://i.etsystatic.com/20733072/r/il/399d8b/2774707490/il_fullxfull.2774707490_q5j8.jpg,	https://i.etsystatic.com/20733072/r/il/ad3a4c/2774707364/il_fullxfull.2774707364_lrw8.jpg,	https://i.etsystatic.com/20733072/r/il/0abb72/2822390857/il_fullxfull.2822390857_77vz.jpg,	https://i.etsystatic.com/20733072/r/il/af6e09/2774707938/il_fullxfull.2774707938_rhy9.jpg,	https://i.etsystatic.com/20733072/r/il/adb06e/2822391153/il_fullxfull.2822391153_eh6u.jpg,	https://i.etsystatic.com/20733072/r/il/fe7de7/2774708202/il_fullxfull.2774708202_mahj.jpg,	https://i.etsystatic.com/20733072/r/il/dfef6a/2822391585/il_fullxfull.2822391585_s88a.jpg,	https://i.etsystatic.com/20733072/r/il/f4c61e/2774707628/il_fullxfull.2774707628_4d81.jpg,	https://i.etsystatic.com/20733072/r/il/4658d0/2774708714/il_fullxfull.2774708714_k7yl.jpg"
Bumblebee Baby Blue Amazonite Electroformed Copper Pendant Y-Necklace,"üêù Dainty Bumblebee copper Electroformed pendant Y-Necklace, featuring a natural baby blue Amazonite bead at the center. The copper bumblebee has be sealed with an environmentally friendly sealant to maintain appearance ‚ú®",40,1,"Bee,bumblebee,Amazonite,copper,bright,nature,bug,insect,choker,simple,Unique,cute,Y_necklace","https://i.etsystatic.com/20733072/r/il/5ac385/2772523466/il_fullxfull.2772523466_p274.jpg, https://i.etsystatic.com/20733072/r/il/d39547/2772443642/il_fullxfull.2772443642_shsg.jpg,	https://i.etsystatic.com/20733072/r/il/e55282/2772443788/il_fullxfull.2772443788_j37c.jpg,	https://i.etsystatic.com/20733072/r/il/6a9fc7/2820128571/il_fullxfull.2820128571_qne1.jpg,	https://i.etsystatic.com/20733072/r/il/cf1c57/2772444158/il_fullxfull.2772444158_1lgn.jpg,	https://i.etsystatic.com/20733072/r/il/e7de03/2772444474/il_fullxfull.2772444474_o2gp.jpg,	https://i.etsystatic.com/20733072/r/il/65e3de/2772444596/il_fullxfull.2772444596_m9ox.jpg,	https://i.etsystatic.com/20733072/r/il/b044f9/2820129345/il_fullxfull.2820129345_k67k.jpg,	https://i.etsystatic.com/20733072/r/il/18d008/2820129573/il_fullxfull.2820129573_q1sr.jpg,	https://i.etsystatic.com/20733072/r/il/aec5f4/2820129701/il_fullxfull.2820129701_acf2.jpg,	"
Kodama Spherical Orb Design Labradorite Electroformed Copper Pendant Necklace,"This iridescent labradorite pendant has an abstract kodama, spherical design that has been electroplated with copper. The pendant has a natural tigers eye stone embedded into the pendant, and three on the chain, accenting the antique patina of the copper. The copper has been sealed with an environmentally friendly sealant to maintain appearance.",55,1,"kodama,Copper,labradorite,tigers_eye,spherical,Electroformed,boho,bohemian,iridescent,blue,Green,natural_stone,witchy","https://i.etsystatic.com/20733072/r/il/128f22/2820113433/il_fullxfull.2820113433_8hko.jpg, https://i.etsystatic.com/20733072/r/il/7ac3cc/2772429068/il_fullxfull.2772429068_phg8.jpg,	https://i.etsystatic.com/20733072/r/il/712326/2820113405/il_fullxfull.2820113405_8uwi.jpg,	https://i.etsystatic.com/20733072/r/il/2344a9/2772428916/il_fullxfull.2772428916_delr.jpg,	https://i.etsystatic.com/20733072/r/il/89a452/2820113079/il_fullxfull.2820113079_tulo.jpg,	https://i.etsystatic.com/20733072/r/il/b59ab8/2772429080/il_fullxfull.2772429080_pe6c.jpg,	https://i.etsystatic.com/20733072/r/il/acc2b4/2820113401/il_fullxfull.2820113401_8p50.jpg,	https://i.etsystatic.com/20733072/r/il/c32d8c/2820113375/il_fullxfull.2820113375_m5vu.jpg,	https://i.etsystatic.com/20733072/r/il/652c46/2772429078/il_fullxfull.2772429078_8894.jpg,	https://i.etsystatic.com/20733072/r/il/c51f12/2772429034/il_fullxfull.2772429034_btu2.jpg	"
Bumblebee Copper Electroformed Midnight Blue Goldstone Pendant Y-Necklace,"üêù Dainty Bumblebee copper Electroformed pendant Y-Necklace, featuring a midnight blue goldstone bead at the center. The copper bumblebee has be sealed with an environmentally friendly sealant to maintain appearance ‚ú®",45,1,"Y_Necklace,Bumblebee,bee,electroformed,copper,blue,goldstone,iridescent,gold,insect,bug,midnight,boho","https://i.etsystatic.com/20733072/r/il/6b21b0/2774698368/il_fullxfull.2774698368_65rb.jpg, https://i.etsystatic.com/20733072/r/il/d40731/2774698400/il_fullxfull.2774698400_mat2.jpg,	https://i.etsystatic.com/20733072/r/il/b4148c/2774698012/il_fullxfull.2774698012_9ifp.jpg,	https://i.etsystatic.com/20733072/r/il/e561e5/2822381041/il_fullxfull.2822381041_8kd9.jpg,	https://i.etsystatic.com/20733072/r/il/1b50e1/2774698072/il_fullxfull.2774698072_7k9u.jpg,	https://i.etsystatic.com/20733072/r/il/26794f/2774698332/il_fullxfull.2774698332_gw2g.jpg, https://i.etsystatic.com/20733072/r/il/a6e297/2822381311/il_fullxfull.2822381311_onbq.jpg,	https://i.etsystatic.com/20733072/r/il/feda0a/2774698350/il_fullxfull.2774698350_303n.jpg,	https://i.etsystatic.com/20733072/r/il/2b1dcd/2774725082/il_fullxfull.2774725082_nbma.jpg,	https://i.etsystatic.com/20733072/r/il/4ab554/2822381461/il_fullxfull.2822381461_pt2s.jpg"
Lunar Moth Blue Amazonite Electroformed Copper Pendant Y-Necklace,"üåôü¶ãDainty Lunar Moth copper Electroformed pendant Y-Necklace, featuring a natural baby blue Amazonite bead at the center. The copper moth has be sealed with an environmentally friendly sealant to maintain appearance ‚ú®",45,1,"y_necklace,Moth,butterfly,Amazonite,copper,Moon,Luna,Lunar,boho,bohemian,nature,Blue,Choker","https://i.etsystatic.com/20733072/r/il/93e1b0/2772452824/il_fullxfull.2772452824_1xyy.jpg, https://i.etsystatic.com/20733072/r/il/1c9f50/2772452582/il_fullxfull.2772452582_2p6b.jpg,	https://i.etsystatic.com/20733072/r/il/a58de3/2820137873/il_fullxfull.2820137873_69u6.jpg,	https://i.etsystatic.com/20733072/r/il/398dff/2820137233/il_fullxfull.2820137233_iwc2.jpg,	https://i.etsystatic.com/20733072/r/il/c13203/2820137491/il_fullxfull.2820137491_jd71.jpg,	https://i.etsystatic.com/20733072/r/il/bc2dfe/2772453126/il_fullxfull.2772453126_9y6u.jpg,	https://i.etsystatic.com/20733072/r/il/d070a0/2820138019/il_fullxfull.2820138019_kv8j.jpg,	https://i.etsystatic.com/20733072/r/il/550d8b/2772453758/il_fullxfull.2772453758_k97s.jpg,	https://i.etsystatic.com/20733072/r/il/324f53/2820138499/il_fullxfull.2820138499_e27m.jpg,	https://i.etsystatic.com/20733072/r/il/9a89b8/2772453280/il_fullxfull.2772453280_2b0m.jpg"
Lunar Moth Electroformed Copper Midnight Blue Goldstone Pendant Y-Necklace,"üåôü¶ãDainty Lunar Moth copper Electroformed pendant Y-Necklace, featuring a midnight blue goldstone bead at the center. The copper moth has be sealed with an environmentally friendly sealant to maintain appearance ‚ú®",45,1,"Y_Necklace,Moth,luna,lunar,copper,shiny,moon,gold,goldstone,blue,iridescent,boho,Electroformed","https://i.etsystatic.com/20733072/r/il/85dd05/2822309581/il_fullxfull.2822309581_dv1z.jpg, https://i.etsystatic.com/20733072/r/il/98ead7/2774626822/il_fullxfull.2774626822_7yk4.jpg,	https://i.etsystatic.com/20733072/r/il/ac8eb3/2774627220/il_fullxfull.2774627220_duyu.jpg, https://i.etsystatic.com/20733072/r/il/8780af/2774627406/il_fullxfull.2774627406_dr5q.jpg,	https://i.etsystatic.com/20733072/r/il/e1567b/2822310491/il_fullxfull.2822310491_8git.jpg,	https://i.etsystatic.com/20733072/r/il/5d9ecb/2822310649/il_fullxfull.2822310649_fvw4.jpg,	https://i.etsystatic.com/20733072/r/il/03449c/2774627760/il_fullxfull.2774627760_mxcw.jpg,	https://i.etsystatic.com/20733072/r/il/7403b4/2774716668/il_fullxfull.2774716668_attg.jpg,	https://i.etsystatic.com/20733072/r/il/2f8eab/2774628114/il_fullxfull.2774628114_h9x5.jpg,	https://i.etsystatic.com/20733072/r/il/fc8ffe/2822310955/il_fullxfull.2822310955_svnb.jpg"
Octopus Coral Kraken Tentacle Electroformed Labradorite Copper Pendant Necklace,Very stunning and vibrant Labradorite pendant with a copper octopus tentacle and coral details! üêôüêö The copper has a dark patina for a tarnished look with brightly polished copper shining through. The copper is sealed with an environmentally friendly sealant to maintain appearance.,46,1,"sea_witch,tentacle,squid,octopus,kraken,Electroplated,Bohemian,Electroformed,Labradorite,Iridescent,witchy,Copper,Pendant","https://i.etsystatic.com/20733072/r/il/bb4ac2/2505225952/il_fullxfull.2505225952_fb86.jpg, https://i.etsystatic.com/20733072/r/il/9b7239/2505225862/il_fullxfull.2505225862_fa60.jpg,	https://i.etsystatic.com/20733072/r/il/2f4aff/2505226038/il_fullxfull.2505226038_a0va.jpg,	https://i.etsystatic.com/20733072/r/il/fb9519/2505226110/il_fullxfull.2505226110_kncl.jpg,	https://i.etsystatic.com/20733072/r/il/bcc6f1/2552896979/il_fullxfull.2552896979_1k59.jpg,	https://i.etsystatic.com/20733072/r/il/c5347f/2552897081/il_fullxfull.2552897081_359l.jpg, https://i.etsystatic.com/20733072/r/il/a5739f/2552897175/il_fullxfull.2552897175_ea96.jpg,	https://i.etsystatic.com/20733072/r/il/5920e7/2505226474/il_fullxfull.2505226474_cw8i.jpg,	https://i.etsystatic.com/20733072/r/il/236f6b/2505226600/il_fullxfull.2505226600_qw5n.jpg,	https://i.etsystatic.com/20733072/r/il/a334d1/2505456866/il_fullxfull.2505456866_77pz.jpg"
Palm Leaf Labradorite Electroformed Copper Pendant Necklace,Very stunning and vibrant Labradorite pendant with a copper palm leaf detail! üå¥The copper has a dark patina for a tarnished look with brightly polished copper shining through. The copper is sealed with an environmentally friendly sealant to maintain appearance.,40,1,"rainbow,palm_leaf,Leaf,Electroplated,Electroformed,Bohemian,Labradorite,Iridescent,tarnished,witchy,Copper,Pendant,natural_stone","https://i.etsystatic.com/20733072/r/il/a75830/2505212066/il_fullxfull.2505212066_1pe9.jpg, https://i.etsystatic.com/20733072/r/il/936610/2505212154/il_fullxfull.2505212154_6188.jpg,	https://i.etsystatic.com/20733072/r/il/c02be7/2505212266/il_fullxfull.2505212266_7sbf.jpg,	https://i.etsystatic.com/20733072/r/il/e9408f/2505212384/il_fullxfull.2505212384_hdd5.jpg,	https://i.etsystatic.com/20733072/r/il/a3c5cb/2552883421/il_fullxfull.2552883421_qbyo.jpg"
Fern Labradorite Electroformed Copper Pendant Necklace,Very stunning Labradorite pendant with a copper fern detail! üåø The copper has a dark patina for a tarnished look with brightly polished copper shining through. The copper is sealed with an environmentally friendly sealant to maintain appearance.,39,1,"natural_stone,Pendant,Copper,witchy,tarnished,Iridescent,Labradorite,Fern,Bohemian,Electroformed,Electroplated,Leaf,electrochemistry","https://i.etsystatic.com/20733072/r/il/b3e1d9/2505207176/il_fullxfull.2505207176_h598.jpg, https://i.etsystatic.com/20733072/r/il/1bde41/2552878267/il_fullxfull.2552878267_dhfz.jpg,	https://i.etsystatic.com/20733072/r/il/de006f/2552878345/il_fullxfull.2552878345_l9ks.jpg,	https://i.etsystatic.com/20733072/r/il/04f64a/2552878433/il_fullxfull.2552878433_98wd.jpg,	https://i.etsystatic.com/20733072/r/il/32964b/2552878533/il_fullxfull.2552878533_o0h7.jpg"
Palm Leaf Rainbow Labradorite Electroformed Copper Pendant Necklace,Very stunning and vibrant rainbow Labradorite pendant with a copper palm leaf detail! üå¥ The copper has a dark patina for a tarnished look with brightly polished copper shining through. The copper is sealed with an environmentally friendly sealant to maintain appearance.,42,1,"rainbow,Unique_gift,witchy,electrochemistry,palm_leaf,Leaf,Electroplated,Bohemian,Electroformed,Copper,Pendant,Labradorite,Iridescent","https://i.etsystatic.com/20733072/r/il/8d1e71/2505201240/il_fullxfull.2505201240_syul.jpg, https://i.etsystatic.com/20733072/r/il/3eb97b/2505201334/il_fullxfull.2505201334_2767.jpg,	https://i.etsystatic.com/20733072/r/il/d302e0/2505201406/il_fullxfull.2505201406_n3nc.jpg, https://i.etsystatic.com/20733072/r/il/41162e/2505201492/il_fullxfull.2505201492_tamr.jpg,	https://i.etsystatic.com/20733072/r/il/c89d25/2552872533/il_fullxfull.2552872533_8r3q.jpg"
Palm Leaf Labradorite Electroformed Copper Pendant Necklace,Very stunning pink Labradorite pendant with a copper palm leaf detail! üå¥The copper has a dark patina for a tarnished look with brightly polished copper shining through. The copper is sealed with an environmentally friendly sealant to maintain appearance.,42,1,"natural_stone,pink_stone,Leaf,palm_leaf,witchy,electrochemistry,Electroplated,Labradorite,Pendant,Copper,Electroformed,Bohemian,Iridescent","https://i.etsystatic.com/20733072/r/il/2b95a7/2505198566/il_fullxfull.2505198566_cm6f.jpg, https://i.etsystatic.com/20733072/r/il/2c5f11/2505198674/il_fullxfull.2505198674_n81t.jpg,	https://i.etsystatic.com/20733072/r/il/77fef0/2505192648/il_fullxfull.2505192648_ahwp.jpg,	https://i.etsystatic.com/20733072/r/il/2278b5/2505192656/il_fullxfull.2505192656_95qc.jpg,	https://i.etsystatic.com/20733072/r/il/2c1b26/2505192628/il_fullxfull.2505192628_szy3.jpg,	https://i.etsystatic.com/20733072/r/il/fcf981/2552863833/il_fullxfull.2552863833_5zio.jpg,	https://i.etsystatic.com/20733072/r/il/c0afbf/2552863895/il_fullxfull.2552863895_iwtt.jpg,	https://i.etsystatic.com/20733072/r/il/2b6eb2/2505198756/il_fullxfull.2505198756_d6ze.jpg,	https://i.etsystatic.com/20733072/r/il/fcbdf4/2505198870/il_fullxfull.2505198870_9ebz.jpg,	https://i.etsystatic.com/20733072/r/il/4d854a/2552869867/il_fullxfull.2552869867_c09g.jpg"
Rainbow Labradorite Fern Electroformed Copper Pendant Necklace,Very stunning and vibrant rainbow Labradorite pendant with a copper fern detail! üåø The copper has a dark patina for a tarnished look with brightly polished copper shining through. The copper is sealed with an environmentally friendly sealant to maintain appearance.,42,1,"rainbow,Fern,witchy,tarnished,natural_stone,Electroformed,Copper,Bohemian,Unique_gift,Pendant,Leaf,Electroplated,Iridescent","https://i.etsystatic.com/20733072/r/il/d30f37/2505186350/il_fullxfull.2505186350_evw9.jpg, https://i.etsystatic.com/20733072/r/il/cbfffa/2505186410/il_fullxfull.2505186410_45ib.jpg,	https://i.etsystatic.com/20733072/r/il/fc1b81/2505186480/il_fullxfull.2505186480_b077.jpg,	https://i.etsystatic.com/20733072/r/il/513d25/2552857461/il_fullxfull.2552857461_ay2r.jpg,	https://i.etsystatic.com/20733072/r/il/df5c5f/2552857563/il_fullxfull.2552857563_1g6o.jpg,	https://i.etsystatic.com/20733072/r/il/519e74/2552857621/il_fullxfull.2552857621_4y4j.jpg"
Fern Labradorite Copper Electroformed Pendant Necklace,Very stunning and vibrant Labradorite pendant with a copper fern detail! üåø The copper has a dark patina for a tarnished look with brightly polished copper shining through. The copper is sealed with an environmentally friendly sealant to maintain appearance.,42,1,"unique_gift,Leaf,natural_stone,tarnished,nature,Copper,fern,semi_precious,Labradorite,Pendant,Electroplated,Bohemian,Electroformed","https://i.etsystatic.com/20733072/r/il/9cae5f/2552852155/il_fullxfull.2552852155_30uw.jpg, https://i.etsystatic.com/20733072/r/il/9ddac1/2505181504/il_fullxfull.2505181504_qz7o.jpg,	https://i.etsystatic.com/20733072/r/il/5b86e0/2552852247/il_fullxfull.2552852247_9tyl.jpg,	https://i.etsystatic.com/20733072/r/il/d6d013/2505181594/il_fullxfull.2505181594_1wvm.jpg,	https://i.etsystatic.com/20733072/r/il/204801/2552852505/il_fullxfull.2552852505_q17e.jpg,	https://i.etsystatic.com/20733072/r/il/07f258/2552852595/il_fullxfull.2552852595_8qg7.jpg,	https://i.etsystatic.com/20733072/r/il/1ed5ef/2505181848/il_fullxfull.2505181848_knqp.jpg"
Spiral Design Electroformed Copper Labradorite Pendant Necklace,"ü™≤This green/blue labradorite pendant has been Electroformed with copper spiral designs that wrap around the natural stone, complimenting the iridescent tones of the labradorite. The copper has a dark patina for an aged look and has been sealed with an environmentally friendly sealant to maintain appearance.",48,1,"Labradorite,moonstone,witchy,witch,iridescent,Spiral,electroformed,boho,bohemian,butterfly_wing,natural,swirl,cloud","https://i.etsystatic.com/20733072/r/il/ff5de4/2799263999/il_fullxfull.2799263999_or0z.jpg, https://i.etsystatic.com/20733072/r/il/f53356/2799264071/il_fullxfull.2799264071_oye3.jpg,	https://i.etsystatic.com/20733072/r/il/872c95/2751568072/il_fullxfull.2751568072_fsei.jpg,	https://i.etsystatic.com/20733072/r/il/367458/2799264123/il_fullxfull.2799264123_7c03.jpg,	https://i.etsystatic.com/20733072/r/il/59aef2/2799264063/il_fullxfull.2799264063_8yro.jpg,	https://i.etsystatic.com/20733072/r/il/48885e/2799264059/il_fullxfull.2799264059_mfv7.jpg,	https://i.etsystatic.com/20733072/r/il/82ab57/2799264109/il_fullxfull.2799264109_pbc1.jpg,	https://i.etsystatic.com/20733072/r/il/a5dfe0/2751567904/il_fullxfull.2751567904_goya.jpg,	https://i.etsystatic.com/20733072/r/il/7d798b/2799264145/il_fullxfull.2799264145_gq85.jpg,	https://i.etsystatic.com/20733072/r/il/225b6b/2799264085/il_fullxfull.2799264085_pwo7.jpg"
Wire Wrapped Iridescent Labradorite and Amazonite Pendant Necklace,"Handmade wire wrapped pendant featuring a circular iridescent labradorite stone with blue, green, and orange tones. The pendant is finished with a dangling amazonite bead üåà",45,1,"Labradorite,moonstone,iridescent,amazonite,wire_wrapped,witchy,boho,bohemian,handmade,unique,pendant,unique_gift,witch","https://i.etsystatic.com/20733072/r/il/6f1c79/2751540682/il_fullxfull.2751540682_fwnl.jpg, https://i.etsystatic.com/20733072/r/il/c78680/2799236089/il_fullxfull.2799236089_9wve.jpg,	https://i.etsystatic.com/20733072/r/il/a8395d/2799236227/il_fullxfull.2799236227_e2dz.jpg,	https://i.etsystatic.com/20733072/r/il/fc8637/2799236397/il_fullxfull.2799236397_skjg.jpg,	https://i.etsystatic.com/20733072/r/il/cdeced/2799236551/il_fullxfull.2799236551_g96j.jpg,	https://i.etsystatic.com/20733072/r/il/852b80/2799236703/il_fullxfull.2799236703_ju8s.jpg,	https://i.etsystatic.com/20733072/r/il/d5daef/2751540864/il_fullxfull.2751540864_eaya.jpg,	https://i.etsystatic.com/20733072/r/il/7128cd/2799237187/il_fullxfull.2799237187_ntjy.jpg,	https://i.etsystatic.com/20733072/r/il/7514c7/2799237273/il_fullxfull.2799237273_2vyt.jpg"
Coral Reef Electroformed Labradorite Pendant Necklace,üíé This blue/green iridescent labradorite pendant has a coral reef design sculpted on the front and has been Electroformed with copper. The copper has been finished with a dark patina for an aged look and has been sealed with an environmentally friendly sealant to maintain appearance :),68,1,"Labradorite,moonstone,coral,coral_reef,boho,witchy,mermaid,seawitch,oceanic,underwater,copper,electroformed,iridescent","https://i.etsystatic.com/20733072/r/il/eae27c/2751592808/il_fullxfull.2751592808_cfjd.jpg, https://i.etsystatic.com/20733072/r/il/598254/2799288257/il_fullxfull.2799288257_lpos.jpg,	https://i.etsystatic.com/20733072/r/il/66eda5/2799288239/il_fullxfull.2799288239_jjkp.jpg,	https://i.etsystatic.com/20733072/r/il/c55bf5/2799288169/il_fullxfull.2799288169_ia3o.jpg,	https://i.etsystatic.com/20733072/r/il/35d251/2751592656/il_fullxfull.2751592656_4u31.jpg,	https://i.etsystatic.com/20733072/r/il/5b37a2/2751592836/il_fullxfull.2751592836_ptsd.jpg,	https://i.etsystatic.com/20733072/r/il/bff80e/2751592712/il_fullxfull.2751592712_ist7.jpg,	https://i.etsystatic.com/20733072/r/il/8088bd/2751592786/il_fullxfull.2751592786_l4j7.jpg,	https://i.etsystatic.com/20733072/r/il/e43392/2751592832/il_fullxfull.2751592832_bomj.jpg,	https://i.etsystatic.com/20733072/r/il/71b07e/2799288259/il_fullxfull.2799288259_r28r.jpg"
Pink Rainbow Fossil Ammonite Electroformed Labradorite Pendant Necklace,üå∏ üåà This pink/rainbow iridescent labradorite pendant has an ammonite fossil design sculpted on the front and has been Electroformed with copper. The copper has been finished with a dark patina for an aged look and has been sealed with  an environmentally friendly sealant to maintain appearance :),42,1,"rainbow,pink,Ammonite,labradorite,fossil,bohemian,boho,moonstone,Copper,electroformed,witchy,iridescent,dinosaur","https://i.etsystatic.com/20733072/r/il/692a26/2751518118/il_fullxfull.2751518118_e0kg.jpg, https://i.etsystatic.com/20733072/r/il/068dc5/2751518276/il_fullxfull.2751518276_er33.jpg,	https://i.etsystatic.com/20733072/r/il/62d5fa/2799214925/il_fullxfull.2799214925_sker.jpg,	https://i.etsystatic.com/20733072/r/il/9b246d/2751518426/il_fullxfull.2751518426_afah.jpg,	https://i.etsystatic.com/20733072/r/il/503e8c/2751518524/il_fullxfull.2751518524_6lzl.jpg,	https://i.etsystatic.com/20733072/r/il/a1c7ce/2751518616/il_fullxfull.2751518616_kix1.jpg,	https://i.etsystatic.com/20733072/r/il/457446/2801585045/il_fullxfull.2801585045_owke.jpg		"
Pink Fossil Ammonite Electroformed Labradorite Pendant Necklace,üå∏ This pink labradorite pendant has an ammonite fossil design sculpted on the front and has been Electroformed with copper. The copper has been finished with a dark patina for an aged look and has been sealed with  an environmentally friendly sealant to maintain appearance:),40,1,"pink,Labradorite,moonstone,ammonite,fossil,copper,electroformed,Pendant,Iridescent,bohemian,boho,witchy,dinosaur","https://i.etsystatic.com/20733072/r/il/1c793c/2799205641/il_fullxfull.2799205641_94kd.jpg, https://i.etsystatic.com/20733072/r/il/f43681/2799205723/il_fullxfull.2799205723_feey.jpg,	https://i.etsystatic.com/20733072/r/il/9f2883/2751508306/il_fullxfull.2751508306_btwb.jpg,	https://i.etsystatic.com/20733072/r/il/de0860/2751509186/il_fullxfull.2751509186_aqsm.jpg,	https://i.etsystatic.com/20733072/r/il/56d3a6/2799204781/il_fullxfull.2799204781_5c8j.jpg,	https://i.etsystatic.com/20733072/r/il/6b8ecd/2799204999/il_fullxfull.2799204999_cchv.jpg,	https://i.etsystatic.com/20733072/r/il/2e82ec/2751508940/il_fullxfull.2751508940_cjlc.jpg,	https://i.etsystatic.com/20733072/r/il/f6de53/2751509064/il_fullxfull.2751509064_b6is.jpg,	https://i.etsystatic.com/20733072/r/il/c7fed3/2799205205/il_fullxfull.2799205205_cs7h.jpg"
Fern Copper Electroformed Labradorite Pendant Necklace,This labradorite pendant is electroformed with a single fern on the front and tarnished for an antique look. The copper is sealed with an environmentally friendly sealant to maintain appearance.,42,1,"electrochemistry,hippie,witchy,Leaf,Labradorite,Electroplated,Iridescent,Bohemian,Electroformed,Copper,Unique_gift,Pendant,Fern","https://i.etsystatic.com/20733072/r/il/eba176/2514387509/il_fullxfull.2514387509_brtz.jpg, https://i.etsystatic.com/20733072/r/il/6b55b6/2514387625/il_fullxfull.2514387625_ht64.jpg,	https://i.etsystatic.com/20733072/r/il/0f3b80/2466711916/il_fullxfull.2466711916_43xc.jpg,	https://i.etsystatic.com/20733072/r/il/a142cf/2466711948/il_fullxfull.2466711948_prjw.jpg,	https://i.etsystatic.com/20733072/r/il/7baaf4/2466711986/il_fullxfull.2466711986_dcnr.jpg,	https://i.etsystatic.com/20733072/r/il/406b1e/2466712038/il_fullxfull.2466712038_dj2a.jpg	"
Copper Fern Electroformed Labradorite Pendant Necklace,This labradorite pendant is electroformed with a single fern leaf placed upon the natural stone. The copper is tarnished for an antique look and sealed with an environmentally friendly sealant to maintain appearance,44,1,"natural,nature,leaf,fern,electrochemistry,Pendant,Witch,Unique_gift,Copper,Electroformed,Iridescent,Electroplated,Labradorite","https://i.etsystatic.com/20733072/r/il/612778/2514361069/il_fullxfull.2514361069_153z.jpg, https://i.etsystatic.com/20733072/r/il/88181b/2514361537/il_fullxfull.2514361537_i2al.jpg,	https://i.etsystatic.com/20733072/r/il/595401/2514361247/il_fullxfull.2514361247_96ch.jpg,	https://i.etsystatic.com/20733072/r/il/4c4391/2514361835/il_fullxfull.2514361835_brzy.jpg,	https://i.etsystatic.com/20733072/r/il/e80cd1/2466686232/il_fullxfull.2466686232_iikc.jpg,	https://i.etsystatic.com/20733072/r/il/0f5f73/2466686486/il_fullxfull.2466686486_q294.jpg,	https://i.etsystatic.com/20733072/r/il/fb0e12/2466686632/il_fullxfull.2466686632_byxx.jpg	"
Stag Skull Labradorite Electroformed Copper Pendant Necklace,"This stag skull pendant is made with natural blue labradorite, Amazonite stones, and seashells. They are electroplated with copper and tarnished for a dark, antique look. The copper is sealed with an environmentally friendly sealant to maintain appearance.",77,1,"Amazonite,seashell,stag_skull,skull,stag,Bohemian,Labradorite,Electroplated,Electroformed,Iridescent,Copper,Pendant,Hand_made","https://i.etsystatic.com/20733072/r/il/a56619/2508950275/il_fullxfull.2508950275_ssjn.jpg, https://i.etsystatic.com/20733072/r/il/140713/2508950377/il_fullxfull.2508950377_iahp.jpg,	https://i.etsystatic.com/20733072/r/il/1c6ced/2461283958/il_fullxfull.2461283958_9q65.jpg,	https://i.etsystatic.com/20733072/r/il/21a04e/2508950567/il_fullxfull.2508950567_q7nu.jpg,	https://i.etsystatic.com/20733072/r/il/b8aab9/2508950657/il_fullxfull.2508950657_b86a.jpg,	https://i.etsystatic.com/20733072/r/il/e4f72a/2508950771/il_fullxfull.2508950771_bojq.jpg,	https://i.etsystatic.com/20733072/r/il/941ea0/2461284362/il_fullxfull.2461284362_h1j3.jpg,	https://i.etsystatic.com/20733072/r/il/bbcf09/2461284460/il_fullxfull.2461284460_4qtu.jpg"
Palm Leaf Pink Labradorite Electroformed Pendant,This pink labradorite pendant was designed with a single palm leaf accent on the side. The copper is sealed with an environmentally friendly sealant to maintain tarnished appearance.,40,1,"tropical,Hand_made,Pendant,Witch,palm,palm_leaf,pink_stone,Copper,Iridescent,Electroformed,Electroplated,Labradorite,Bohemian","https://i.etsystatic.com/20733072/r/il/7ca76d/2461264434/il_fullxfull.2461264434_chcj.jpg, https://i.etsystatic.com/20733072/r/il/b7c265/2508930861/il_fullxfull.2508930861_fmx5.jpg,	https://i.etsystatic.com/20733072/r/il/f99a5e/2508930939/il_fullxfull.2508930939_e1q5.jpg,	https://i.etsystatic.com/20733072/r/il/53270c/2461264320/il_fullxfull.2461264320_lvzc.jpg,	https://i.etsystatic.com/20733072/r/il/ebfa09/2461264518/il_fullxfull.2461264518_6hfk.jpg,	https://i.etsystatic.com/20733072/r/il/78ca9c/2461264548/il_fullxfull.2461264548_3sg0.jpg,	https://i.etsystatic.com/20733072/r/il/5f50d2/2508931305/il_fullxfull.2508931305_d1rk.jpg,	https://i.etsystatic.com/20733072/r/il/c06383/2508931341/il_fullxfull.2508931341_tvir.jpg,	https://i.etsystatic.com/20733072/r/il/ae1244/2461264666/il_fullxfull.2461264666_krgk.jpg,	https://i.etsystatic.com/20733072/r/il/4948c8/2461264730/il_fullxfull.2461264730_wxxe.jpg"
Fossilized Ammonite Kraken Electroformed Copper Pendant,"üêöü¶ë‚ú®
Fossilized Ammonite with Kraken Squid Electroformed Copper Pendant. 

Ammonites lived in the sea until they went extinct in the Cretaceous period 66 million years ago! However, these sea dwelling creatures left behind many fossilized specimens that help us gain knowledge, admiration, and appreciation of the past.

The pendant has been sealed with an environmentally friendly sealant to maintain appearance.

Comes on a 22 inch chain with a 2 inch extender chain. However, if you would prefer a shorter or slightly longer chain, I can swap it for you (free of charge, of course!).",72,1,"Ammonite,squid,octopus,kraken,shell,seashell,fossil,fossilized,prettyoddalchemy,geometric,ocean,nautilus,Copper","https://i.etsystatic.com/20733072/r/il/f058d0/3256189130/il_fullxfull.3256189130_nylb.jpg, https://i.etsystatic.com/20733072/r/il/55efbe/3256189200/il_fullxfull.3256189200_r8d7.jpg,	https://i.etsystatic.com/20733072/r/il/2ecf2d/3256189210/il_fullxfull.3256189210_edco.jpg,	https://i.etsystatic.com/20733072/r/il/64536d/3256189218/il_fullxfull.3256189218_5grt.jpg,	https://i.etsystatic.com/20733072/r/il/aced61/3256189214/il_fullxfull.3256189214_n7v6.jpg,	https://i.etsystatic.com/20733072/r/il/13bfff/3303880271/il_fullxfull.3303880271_tofp.jpg,	https://i.etsystatic.com/20733072/r/il/17ec2a/3256189252/il_fullxfull.3256189252_8bli.jpg,	https://i.etsystatic.com/20733072/r/il/80242b/3303880319/il_fullxfull.3303880319_ox8z.jpg,	https://i.etsystatic.com/20733072/r/il/795e33/3256189294/il_fullxfull.3256189294_b486.jpg,	https://i.etsystatic.com/20733072/r/il/d9225e/3256189292/il_fullxfull.3256189292_np1x.jpg"
Lunar Moth Jasper Electroformed Copper Pendant,"‚ú®üåôü¶ã
Lunar Moth Electroformed Copper Pendant with Jasper stones. The pendant has been sealed with an environmentally friendly sealant to maintain it‚Äôs shiny appearance. 

Comes on a 15 inch chain with a 2 inch extender chain, meant to be shorter. However, I can swap the pendant to a longer chain (up to 22 inches) if that is your preference (free of charge!üòäüëç).",68,1,"Moth,butterfly,lunar,luna,moon,star,stars,jasper,copper,prettyoddalchemy,electroformed,celestial,witch","https://i.etsystatic.com/20733072/r/il/b75034/3303867911/il_fullxfull.3303867911_3ura.jpg, https://i.etsystatic.com/20733072/r/il/d7516a/3256176982/il_fullxfull.3256176982_59eg.jpg,        https://i.etsystatic.com/20733072/r/il/e79acc/3303867771/il_fullxfull.3303867771_blks.jpg,        https://i.etsystatic.com/20733072/r/il/cd8420/3303867823/il_fullxfull.3303867823_kct3.jpg,        https://i.etsystatic.com/20733072/r/il/70a840/3303867907/il_fullxfull.3303867907_t2of.jpg,        https://i.etsystatic.com/20733072/r/il/3d6ee1/3256177064/il_fullxfull.3256177064_rd3v.jpg,        https://i.etsystatic.com/20733072/r/il/ae838d/3303867903/il_fullxfull.3303867903_9yy8.jpg,        https://i.etsystatic.com/20733072/r/il/5a980d/3303867805/il_fullxfull.3303867805_lktp.jpg,        https://i.etsystatic.com/20733072/r/il/be1301/3256177002/il_fullxfull.3256177002_hhh1.jpg,        https://i.etsystatic.com/20733072/r/il/2cd26f/3256177102/il_fullxfull.3256177102_ksrz.jpg"
Lunar Moth Blue Goldstone Electroformed Copper Pendant,"‚ú®üåôü¶ã
Lunar Moth Electroformed Copper Pendant with Blue Goldstones. The pendant has been sealed with an environmentally friendly sealant to maintain it‚Äôs beautiful, shiny appearance.
 
Comes on a 15 inch chain with a 2 inch extender chain, meant to be shorter. However, I can swap the pendant to a longer chain (up to 22 inches) if that is your preference (free of charge!üòäüëç).",68,1,"Moth,butterfly,lunar,luna,moon,star,stars,blue_goldstone,copper,electroformed,witch,celestial,prettyoddalchemy","https://i.etsystatic.com/20733072/r/il/021d47/3303887505/il_fullxfull.3303887505_rjo8.jpg, https://i.etsystatic.com/20733072/r/il/e7223e/3256196482/il_fullxfull.3256196482_a3i6.jpg,	https://i.etsystatic.com/20733072/r/il/972dd3/3303887545/il_fullxfull.3303887545_auhk.jpg,	https://i.etsystatic.com/20733072/r/il/3f29c4/3256196532/il_fullxfull.3256196532_9fkx.jpg,	https://i.etsystatic.com/20733072/r/il/3ace60/3303887569/il_fullxfull.3303887569_t647.jpg,	https://i.etsystatic.com/20733072/r/il/a2f28b/3303887563/il_fullxfull.3303887563_iuij.jpg,	https://i.etsystatic.com/20733072/r/il/a7c85a/3256196596/il_fullxfull.3256196596_dm5h.jpg,	https://i.etsystatic.com/20733072/r/il/0b214c/3303887639/il_fullxfull.3303887639_bei0.jpg		"
Sunburst Lunar Game Controller Goldstone Electroformed Copper Pendant,"‚ú®üåô
Lunar Game Controller Electroformed Copper Pendant with Goldstone detail. Beautiful golden patina to compliment the Goldstone button.

The pendant has been sealed with an environmentally friendly sealant to maintain appearance. 

*Chain has 2 inch extender.",60,1,"Gamer,egirl,e_girl,gamer_controller,moon,star,stars,luna,lunar,copper,Electroformed,Goldstone,celestial","https://i.etsystatic.com/20733072/r/il/4ea697/3252334896/il_fullxfull.3252334896_n2uu.jpg, https://i.etsystatic.com/20733072/r/il/ac32c8/3300021839/il_fullxfull.3300021839_mbju.jpg,	https://i.etsystatic.com/20733072/r/il/851d72/3252334848/il_fullxfull.3252334848_6ru1.jpg,	https://i.etsystatic.com/20733072/r/il/8a713b/3252334878/il_fullxfull.3252334878_aalv.jpg,	https://i.etsystatic.com/20733072/r/il/0b5768/3300021895/il_fullxfull.3300021895_91ia.jpg,	https://i.etsystatic.com/20733072/r/il/bb1956/3300021859/il_fullxfull.3300021859_bvdh.jpg,	https://i.etsystatic.com/20733072/r/il/f605c3/3300021887/il_fullxfull.3300021887_iicv.jpg,	https://i.etsystatic.com/20733072/r/il/552fa1/3252334868/il_fullxfull.3252334868_slhh.jpg,	https://i.etsystatic.com/20733072/r/il/378e09/3252334844/il_fullxfull.3252334844_qe0f.jpg,	https://i.etsystatic.com/20733072/r/il/b5852d/3300021933/il_fullxfull.3300021933_meue.jpg"
Lunar Game Controller Goldstone Electroformed Copper Pendant,"‚ú®üåô
Lunar Game Controller Electroformed Copper Pendant with Goldstone detail. Finished with a beautiful, deep patina to contrast the bright Goldstone buttons.

The pendant has been sealed with an environmentally friendly sealant to maintain appearance. 

*Chain has 2 inch extender.",60,1,"Gamer,gamer_controller,goldstone,xbox,moon,star,stars,witch,electroformed,gamer_girl,Egirl,e_girl,choker","https://i.etsystatic.com/20733072/r/il/0d6633/3300019567/il_fullxfull.3300019567_8okw.jpg, https://i.etsystatic.com/20733072/r/il/a859f0/3300019547/il_fullxfull.3300019547_lk35.jpg,	https://i.etsystatic.com/20733072/r/il/32b3c0/3252332484/il_fullxfull.3252332484_m2gc.jpg,	https://i.etsystatic.com/20733072/r/il/c82cd3/3300019541/il_fullxfull.3300019541_23g1.jpg,	https://i.etsystatic.com/20733072/r/il/ef1e8f/3300019507/il_fullxfull.3300019507_hjbe.jpg,	https://i.etsystatic.com/20733072/r/il/f82d21/3300019551/il_fullxfull.3300019551_rg1o.jpg,	https://i.etsystatic.com/20733072/r/il/252424/3252332468/il_fullxfull.3252332468_2ftr.jpg,	https://i.etsystatic.com/20733072/r/il/3823a9/3252332478/il_fullxfull.3252332478_etyd.jpg,	https://i.etsystatic.com/20733072/r/il/24e010/3252332446/il_fullxfull.3252332446_l1ub.jpg,	https://i.etsystatic.com/20733072/r/il/d3a19e/3252332516/il_fullxfull.3252332516_jizm.jpg"
Rainbow Game Controller Amazonite Electroformed Copper Pendant,"üçÉüåàGame Controller Electroformed Copper Pendant with Amazonite stone. Beautiful rainbow patina and cute leaf details üçÉ
 
The pendant has been sealed with an environmentally friendly sealant to maintain appearance.",60,1,"Gamer,game_Controller,PlayStation,Amazonite,copper,Electroformed,rainbow,leaf,Witch,crystal,gamergirl,choker,E_girl","https://i.etsystatic.com/20733072/r/il/845b90/3299992287/il_fullxfull.3299992287_81sk.jpg, https://i.etsystatic.com/20733072/r/il/fb712d/3252305346/il_fullxfull.3252305346_nsad.jpg,	https://i.etsystatic.com/20733072/r/il/4f08c0/3299992433/il_fullxfull.3299992433_cqi7.jpg,	https://i.etsystatic.com/20733072/r/il/6018b7/3252305366/il_fullxfull.3252305366_7ok9.jpg,	https://i.etsystatic.com/20733072/r/il/dd08a1/3252305352/il_fullxfull.3252305352_rgtn.jpg,	https://i.etsystatic.com/20733072/r/il/16e500/3299992429/il_fullxfull.3299992429_sr71.jpg,	https://i.etsystatic.com/20733072/r/il/290b46/3299992529/il_fullxfull.3299992529_s9r3.jpg,	https://i.etsystatic.com/20733072/r/il/1b9db2/3252305572/il_fullxfull.3252305572_1njp.jpg,	https://i.etsystatic.com/20733072/r/il/1f5e6d/3299992675/il_fullxfull.3299992675_ceqg.jpg,	https://i.etsystatic.com/20733072/r/il/033ade/3299992681/il_fullxfull.3299992681_cjpi.jpg"
Lunar Moth Goldstone Copper Electroformed Pendant,"‚ú®üåôü¶ã
Lunar Moth Electroformed Copper Pendant with Blue Goldstone. Finished with a deep patina, in beautiful contrast with the sparkle of the Goldstone. The pendant has been sealed with an environmentally friendly sealant to maintain appearance. 

Comes on a 15 inch chain with a 2 inch extender chain, meant to be shorter. However, I can swap the pendant to a longer chain (up to 22 inches) if that is your preference (free of charge!üòäüëç).",68,1,"Moth,moon,star,stars,copper,luna,lunar,goldstone,witch,electroformed,insect,celestial,Crystal","https://i.etsystatic.com/20733072/r/il/68740d/3299986135/il_fullxfull.3299986135_4cxp.jpg, https://i.etsystatic.com/20733072/r/il/9ef487/3252299390/il_fullxfull.3252299390_6iqv.jpg,        https://i.etsystatic.com/20733072/r/il/9fc04b/3299986267/il_fullxfull.3299986267_1mxg.jpg,        https://i.etsystatic.com/20733072/r/il/39a3ac/3299986407/il_fullxfull.3299986407_9fp3.jpg,        https://i.etsystatic.com/20733072/r/il/1a6216/3252299492/il_fullxfull.3252299492_ek93.jpg,        https://i.etsystatic.com/20733072/r/il/7136da/3252299472/il_fullxfull.3252299472_58i7.jpg,        https://i.etsystatic.com/20733072/r/il/6411a6/3252299604/il_fullxfull.3252299604_6j7w.jpg,        https://i.etsystatic.com/20733072/r/il/8d1ae9/3252299746/il_fullxfull.3252299746_sgsw.jpg,        https://i.etsystatic.com/20733072/r/il/5beca6/3299986727/il_fullxfull.3299986727_hez1.jpg,        https://i.etsystatic.com/20733072/r/il/0cd03e/3252299772/il_fullxfull.3252299772_hbgn.jpg"
Blood Moon Lunar Moth Amazonite Copper Electroformed Pendant,"‚ú®üåôü¶ã
Lunar Moth Electroformed Copper Pendant with Amazonite stones. Finished with a deep patina of red tones, reminiscent of the blood moon, in beautiful contrast with the baby blue Amazonite. The pendant has been sealed with an environmentally friendly sealant to maintain appearance. 

Comes on a 15 inch chain with a 2 inch extender chain, meant to be shorter. However, I can swap the pendant to a longer chain (up to 22 inches) if that is your preference (free of charge!üòäüëç).",68,1,"Moth,moon,luna,lunar,star,stars,blood_moon,red,Fire,firey,witch,amazonite,butterfly","https://i.etsystatic.com/20733072/r/il/efa8c1/3252289930/il_fullxfull.3252289930_ibld.jpg, https://i.etsystatic.com/20733072/r/il/8b10c3/3299976651/il_fullxfull.3299976651_7til.jpg,	https://i.etsystatic.com/20733072/r/il/3e5e24/3252289842/il_fullxfull.3252289842_6uxt.jpg,	https://i.etsystatic.com/20733072/r/il/b457d0/3299976633/il_fullxfull.3299976633_518q.jpg,	https://i.etsystatic.com/20733072/r/il/6dcee5/3252289864/il_fullxfull.3252289864_jz6a.jpg,	https://i.etsystatic.com/20733072/r/il/c4fe70/3299976669/il_fullxfull.3299976669_1vsc.jpg,	https://i.etsystatic.com/20733072/r/il/921988/3299976733/il_fullxfull.3299976733_mip5.jpg,	https://i.etsystatic.com/20733072/r/il/0b22dd/3252289976/il_fullxfull.3252289976_5hdb.jpg,	https://i.etsystatic.com/20733072/r/il/9fc6d2/3299976751/il_fullxfull.3299976751_3os0.jpg,	https://i.etsystatic.com/20733072/r/il/f52204/3252289974/il_fullxfull.3252289974_cjnb.jpg"
Sunburst Lunar Moth Amazonite Copper Pendant,"‚ú®üåôü¶ã
Lunar Moth Electroformed Copper Pendant with Amazonite stones. Finished with a fiery, sunburst red patina to contrast with the baby blue Amazonite. The pendant has been sealed with an environmentally friendly sealant to maintain appearance. 

Comes on a 15 inch chain with a 2 inch extender chain, meant to be shorter. However, I can swap the pendant to a longer chain (up to 22 inches) if that is your preference (free of charge!üòäüëç).",68,1,"Moth,moon,lunar,luna,star,stars,fire,red,amazonite,copper,electroformed,witch,Sunburst","https://i.etsystatic.com/20733072/r/il/1080f6/3299971997/il_fullxfull.3299971997_g6eh.jpg, https://i.etsystatic.com/20733072/r/il/f5deab/3252285280/il_fullxfull.3252285280_8ics.jpg,	https://i.etsystatic.com/20733072/r/il/e78733/3299971945/il_fullxfull.3299971945_h2oi.jpg,	https://i.etsystatic.com/20733072/r/il/809975/3299971965/il_fullxfull.3299971965_fptv.jpg,	https://i.etsystatic.com/20733072/r/il/9fe46a/3252285352/il_fullxfull.3252285352_tmmj.jpg,	https://i.etsystatic.com/20733072/r/il/6dc696/3299971943/il_fullxfull.3299971943_shzq.jpg,	https://i.etsystatic.com/20733072/r/il/da2681/3299971957/il_fullxfull.3299971957_8zjb.jpg,	https://i.etsystatic.com/20733072/r/il/72bb90/3252285228/il_fullxfull.3252285228_38im.jpg,	https://i.etsystatic.com/20733072/r/il/2e965b/3299971897/il_fullxfull.3299971897_9vin.jpg,	https://i.etsystatic.com/20733072/r/il/99d508/3252285360/il_fullxfull.3252285360_8erl.jpg"
Lunar Moth Amazonite Copper Electroformed Pendant,"‚ú®üåôü¶ã
Lunar Moth Electroformed Copper Pendant  with Amazonite stones. Finished with a deep patina to contrast with the baby blue Amazonite. The pendant has been sealed with an environmentally friendly sealant to maintain appearance. 

Comes on a 15 inch chain with a 2 inch extender chain, meant to be shorter. However, I can swap the pendant to a longer chain (up to 22 inches) if that is your preference (free of charge!üòäüëç).",68,1,"Moth,moon,luna,lunar,star,stars,amazonite,crystal,butterfly,insect,copper,electroformed,witch","https://i.etsystatic.com/20733072/r/il/e4e8d2/3299956973/il_fullxfull.3299956973_1fi3.jpg, https://i.etsystatic.com/20733072/r/il/953fde/3252270380/il_fullxfull.3252270380_6cqi.jpg,	https://i.etsystatic.com/20733072/r/il/dcf1f8/3252270458/il_fullxfull.3252270458_autb.jpg,	https://i.etsystatic.com/20733072/r/il/3eab8e/3299957131/il_fullxfull.3299957131_gtw5.jpg,	https://i.etsystatic.com/20733072/r/il/187d8e/3252270454/il_fullxfull.3252270454_1l6s.jpg,	https://i.etsystatic.com/20733072/r/il/9198b6/3252270450/il_fullxfull.3252270450_qyed.jpg	"
Lunar Moth Tigers Eye Copper Electroformed Pendant,"‚ú®üåôü¶ã
Lunar Moth Electroformed Copper Pendant with Tiger‚Äôs eye stones. Finished with a deep patina to contrast with the bright flash of the Tiger‚Äôs eye. The pendant has been sealed with an environmentally friendly sealant to maintain appearance. 

Comes on a 15 inch chain with a 2 inch extender chain, meant to be shorter. However, I can swap the pendant to a longer chain (up to 22 inches) if that is your preference (free of charge!üòäüëç).",68,1,"Moth,moon,star,stars,luna,lunar,copper,tigers_eye,butterfly,electroformed,witch,crystal,Pendant","https://i.etsystatic.com/20733072/r/il/e2e0bf/3252250776/il_fullxfull.3252250776_5pk6.jpg, https://i.etsystatic.com/20733072/r/il/c016c9/3299937249/il_fullxfull.3299937249_48ou.jpg,	https://i.etsystatic.com/20733072/r/il/b243f8/3299937335/il_fullxfull.3299937335_3vtt.jpg,	https://i.etsystatic.com/20733072/r/il/f20d1c/3299937293/il_fullxfull.3299937293_hyrt.jpg,	https://i.etsystatic.com/20733072/r/il/783752/3299937269/il_fullxfull.3299937269_pwz7.jpg,	https://i.etsystatic.com/20733072/r/il/78db7d/3299937287/il_fullxfull.3299937287_g29h.jpg,	https://i.etsystatic.com/20733072/r/il/562b96/3252250694/il_fullxfull.3252250694_cczo.jpg,	https://i.etsystatic.com/20733072/r/il/3be3b8/3252250876/il_fullxfull.3252250876_gmww.jpg,	https://i.etsystatic.com/20733072/r/il/f0913a/3252250814/il_fullxfull.3252250814_jvyy.jpg,	https://i.etsystatic.com/20733072/r/il/acb8fc/3252250872/il_fullxfull.3252250872_sm6p.jpg"
Lunar Moth Tigers Eye Copper Electroformed Pendant,"‚ú®üåôü¶ã
Lunar Moth Electroformed Copper  Pendant with Tiger‚Äôs eye stones. Finished with a deep patina to contrast with the bright flash of the Tiger‚Äôs eye. The pendant has been sealed with an environmentally friendly sealant to maintain appearance. 

Comes on a 15 inch chain with a 2 inch extender chain, meant to be shorter. However, I can swap the pendant to a longer chain (up to 22 inches) if that is your preference (free of charge!üòäüëç).",68,1,"Moth,Moon,star,stars,luna,lunar,butterfly,Electroformed,copper,tigers_eye,crystal,witch,insect","https://i.etsystatic.com/20733072/r/il/fe8e7a/3252219032/il_fullxfull.3252219032_j1xq.jpg, https://i.etsystatic.com/20733072/r/il/936681/3252218952/il_fullxfull.3252218952_7ekn.jpg,	https://i.etsystatic.com/20733072/r/il/4d5664/3299905975/il_fullxfull.3299905975_r49q.jpg,	https://i.etsystatic.com/20733072/r/il/fc9aaa/3252218948/il_fullxfull.3252218948_8a3p.jpg,	https://i.etsystatic.com/20733072/r/il/62d29e/3252219036/il_fullxfull.3252219036_n7cn.jpg,	https://i.etsystatic.com/20733072/r/il/80838a/3252219022/il_fullxfull.3252219022_lpxb.jpg,	https://i.etsystatic.com/20733072/r/il/cafaa9/3299906021/il_fullxfull.3299906021_9og8.jpg,	https://i.etsystatic.com/20733072/r/il/036d9d/3299906035/il_fullxfull.3299906035_t5ek.jpg,	https://i.etsystatic.com/20733072/r/il/1c8de3/3299906039/il_fullxfull.3299906039_4qzs.jpg"
Lunar Moth Tigers Eye Copper Electroformed Pendant,"‚ú®üåôü¶ã
Lunar Moth Electroformed Copper Pendant with Tigers eye stones. Finished with a golden patina to compliment the bright flash of the Tigers eye. The pendant has been sealed with an environmentally friendly sealant to maintain appearance. 

Comes on a 15 inch chain with a 2 inch extender chain, meant to be shorter. However, I can swap the pendant to a longer chain (up to 22 inches) if that is your preference (free of charge!üòäüëç).",68,1,"Moth,moon,star,luna,lunar,butterfly,tigers_eye,lunar_moth,electroformed,copper,Witch,Nature,Insect","https://i.etsystatic.com/20733072/r/il/21b92d/3299897469/il_fullxfull.3299897469_q7p9.jpg, https://i.etsystatic.com/20733072/r/il/395bef/3252210280/il_fullxfull.3252210280_4v9b.jpg,	https://i.etsystatic.com/20733072/r/il/440cf9/3299897467/il_fullxfull.3299897467_qv94.jpg,	https://i.etsystatic.com/20733072/r/il/d64081/3299897451/il_fullxfull.3299897451_4xy5.jpg,	https://i.etsystatic.com/20733072/r/il/b217bf/3252210256/il_fullxfull.3252210256_bgyz.jpg,	https://i.etsystatic.com/20733072/r/il/9ce42f/3299897541/il_fullxfull.3299897541_krzt.jpg,	https://i.etsystatic.com/20733072/r/il/a87dbd/3252210350/il_fullxfull.3252210350_ku4t.jpg,	https://i.etsystatic.com/20733072/r/il/8e9c42/3252210356/il_fullxfull.3252210356_d9hq.jpg,	https://i.etsystatic.com/20733072/r/il/13516c/3299897427/il_fullxfull.3299897427_szzs.jpg,	https://i.etsystatic.com/20733072/r/il/df5674/3299897533/il_fullxfull.3299897533_b0g0.jpg"
Bumblebee Choker Electroformed Copper Pendant Necklace: Dusty Blue,"üêùBeautiful bumblebee pendant choker with textured details. The pendant was electroformed with copper and finished with faux suede dusty blue cord. 

The pendant has been sealed with an environmentally friendly sealant to maintain shine ‚ú®

*If you LOVE the pendant, but not the color of the cord, hit me up with a message and I may be able to swap out the color for one you would prefer üòäüëç I have a variety üåà",35,1,"Bumblebee,bee,bumble_bee,Copper,Electroformed,bohemian,boho,unique_gift,choker,pendant,necklace,handmade,dusty_blue","https://i.etsystatic.com/20733072/r/il/f37d48/2716709970/il_fullxfull.2716709970_5nmx.jpg, https://i.etsystatic.com/20733072/r/il/25104c/2764390051/il_fullxfull.2764390051_it6h.jpg,        https://i.etsystatic.com/20733072/r/il/6a69f6/2716710090/il_fullxfull.2716710090_hf21.jpg,        https://i.etsystatic.com/20733072/r/il/14b580/2716709836/il_fullxfull.2716709836_2wi4.jpg,        https://i.etsystatic.com/20733072/r/il/07e671/2716709992/il_fullxfull.2716709992_c2hc.jpg,        https://i.etsystatic.com/20733072/r/il/04b95e/2716709882/il_fullxfull.2716709882_hujo.jpg,        https://i.etsystatic.com/20733072/r/il/bcb626/2716710024/il_fullxfull.2716710024_f0m9.jpg,        https://i.etsystatic.com/20733072/r/il/05a28e/2716710036/il_fullxfull.2716710036_6gro.jpg,        https://i.etsystatic.com/20733072/r/il/1bc08c/2764389841/il_fullxfull.2764389841_h7ad.jpg"
Moth Choker Electroformed Copper Pendant Necklace: Periwinkle,"ü¶ãBeautiful moth pendant choker with textured moon details on the wings. The pendant was electroformed with copper and finished with faux suede periwinkle cord. 

The pendant has been sealed with an environmentally friendly sealant to maintain shine ‚ú®

*If you LOVE the pendant, but not the color of the cord, hit me up with a message and I may be able to swap out the color for one you would prefer üòäüëç I have a variety üåà",40,1,"Moth,butterfly,copper,pendant,necklace,choker,bug,electroformed,boho,witchy,unique_gift,periwinkle,bohemian","https://i.etsystatic.com/20733072/r/il/499d7d/2764292963/il_fullxfull.2764292963_2s3h.jpg, https://i.etsystatic.com/20733072/r/il/01cb61/2763371203/il_fullxfull.2763371203_h7hx.jpg,	https://i.etsystatic.com/20733072/r/il/619702/2763371325/il_fullxfull.2763371325_q4zn.jpg,	https://i.etsystatic.com/20733072/r/il/b24a2b/2715689676/il_fullxfull.2715689676_hfod.jpg,	https://i.etsystatic.com/20733072/r/il/0702f5/2715689610/il_fullxfull.2715689610_nwdv.jpg,	https://i.etsystatic.com/20733072/r/il/09402c/2715689656/il_fullxfull.2715689656_9gge.jpg,	https://i.etsystatic.com/20733072/r/il/9dccad/2715689704/il_fullxfull.2715689704_ctqf.jpg,	https://i.etsystatic.com/20733072/r/il/b5a64d/2763371373/il_fullxfull.2763371373_psoe.jpg,	https://i.etsystatic.com/20733072/r/il/7f4567/2715689732/il_fullxfull.2715689732_ef1c.jpg,	https://i.etsystatic.com/20733072/r/il/7f159f/2763371381/il_fullxfull.2763371381_ew4i.jpg"
Moth Choker Electroformed Copper Pendant Necklace: Midnight Blue,"ü¶ãBeautiful moth pendant choker with textured moon details on the wings. The pendant was electroformed with copper and finished with faux suede midnight blue cord. 

The pendant has been sealed with an environmentally friendly sealant to maintain shine ‚ú®

*If you LOVE the pendant, but not the color of the cord, hit me up with a message and I may be able to swap out the color for one you would prefer üòäüëç I have a variety üåà",40,1,"Moth,butterfly,copper,pendant,necklace,choker,electroformed,moon,witchy,boho,bohemian,unique_gift,midnight_blue","https://i.etsystatic.com/20733072/r/il/dd6bfe/2715682360/il_fullxfull.2715682360_6gra.jpg, https://i.etsystatic.com/20733072/r/il/370d9b/2763363903/il_fullxfull.2763363903_25bb.jpg,	https://i.etsystatic.com/20733072/r/il/e2d826/2715682372/il_fullxfull.2715682372_c8l4.jpg,	https://i.etsystatic.com/20733072/r/il/1aa9e2/2715682328/il_fullxfull.2715682328_elo9.jpg,	https://i.etsystatic.com/20733072/r/il/6e127e/2715682408/il_fullxfull.2715682408_o7du.jpg,	https://i.etsystatic.com/20733072/r/il/71c5f7/2715682368/il_fullxfull.2715682368_ny5f.jpg,	https://i.etsystatic.com/20733072/r/il/75293e/2763363839/il_fullxfull.2763363839_q4ss.jpg,	https://i.etsystatic.com/20733072/r/il/33b381/2715682382/il_fullxfull.2715682382_3due.jpg,	https://i.etsystatic.com/20733072/r/il/1b5a0c/2715682394/il_fullxfull.2715682394_ponm.jpg,	https://i.etsystatic.com/20733072/r/il/177396/2715682396/il_fullxfull.2715682396_hvxd.jpg"
Bumblebee Choker Electroformed Copper Pendant Necklace: Midnight Blue,"üêùBeautiful bumblebee pendant choker with textured details. The pendant was electroformed with copper and finished with faux suede midnight blue cord. 

The pendant has been sealed with an environmentally friendly sealant to maintain shine ‚ú®

*If you LOVE the pendant, but not the color of the cord, hit me up with a message and I may be able to swap out the color for one you would prefer üòäüëç I have a variety üåà",35,1,"Bumblebee,bee,Pendant,necklace,choker,boho,witchy,electroformed,copper,bug,honey_bee,bumble_bee,midnight_blue","https://i.etsystatic.com/20733072/r/il/da6d62/2715650620/il_fullxfull.2715650620_a79j.jpg, https://i.etsystatic.com/20733072/r/il/5c0463/2763332159/il_fullxfull.2763332159_if12.jpg,	https://i.etsystatic.com/20733072/r/il/23c544/2763332417/il_fullxfull.2763332417_6hmw.jpg,	https://i.etsystatic.com/20733072/r/il/70579e/2763332547/il_fullxfull.2763332547_6i91.jpg,	https://i.etsystatic.com/20733072/r/il/0b2d7c/2763332677/il_fullxfull.2763332677_7kfl.jpg,	https://i.etsystatic.com/20733072/r/il/441c16/2715651196/il_fullxfull.2715651196_mxn7.jpg,	https://i.etsystatic.com/20733072/r/il/a4c9b9/2763332989/il_fullxfull.2763332989_2eme.jpg,	https://i.etsystatic.com/20733072/r/il/bbab04/2763333147/il_fullxfull.2763333147_pffr.jpg,	https://i.etsystatic.com/20733072/r/il/9d649f/2715651644/il_fullxfull.2715651644_bx2o.jpg"
Bumblebee Choker Electroformed Copper Pendant Necklace: Olive Green,"üêùBeautiful bumblebee pendant choker with textured details. The pendant was electroformed with copper and finished with faux suede olive green cord. 

The pendant has been sealed with an environmentally friendly sealant to maintain shine ‚ú®

*If you LOVE the pendant, but not the color of the cord, hit me up with a message and I may be able to swap out the color for one you would prefer üòäüëç I have a variety üåà",35,1,"Bumblebee,bee,bumble_bee,electroformed,copper,choker,bug,pedant,olive_green,bug_jewelry,unique_gift,boho,bohemian","https://i.etsystatic.com/20733072/r/il/20dfc7/2763345941/il_fullxfull.2763345941_di9t.jpg, https://i.etsystatic.com/20733072/r/il/df8f50/2715664446/il_fullxfull.2715664446_ccqa.jpg,	https://i.etsystatic.com/20733072/r/il/b68eb1/2715664536/il_fullxfull.2715664536_snlw.jpg,	https://i.etsystatic.com/20733072/r/il/de7481/2715664640/il_fullxfull.2715664640_cpxi.jpg,	https://i.etsystatic.com/20733072/r/il/76ad15/2763346303/il_fullxfull.2763346303_cwd5.jpg,	https://i.etsystatic.com/20733072/r/il/da1f9b/2715664802/il_fullxfull.2715664802_kucx.jpg,	https://i.etsystatic.com/20733072/r/il/fbd1b7/2715664876/il_fullxfull.2715664876_q1he.jpg,	https://i.etsystatic.com/20733072/r/il/22f684/2715664952/il_fullxfull.2715664952_4nkq.jpg,	https://i.etsystatic.com/20733072/r/il/25bffb/2763346595/il_fullxfull.2763346595_3u6s.jpg,	https://i.etsystatic.com/20733072/r/il/ad034c/2763346671/il_fullxfull.2763346671_9u7b.jpg"
Bumblebee Choker Electroformed Copper Pendant Necklace: Olive Green,"üêùBeautiful bumblebee pendant choker with textured details. The pendant was electroformed with copper and finished with faux suede olive green cord. 

The pendant has been sealed with an environmentally friendly sealant to maintain shine ‚ú®

*If you LOVE the pendant, but not the color of the cord, hit me up with a message and I may be able to swap out the color for one you would prefer üòäüëç I have a variety üåà",35,1,"Bumblebee,bee,bumble_bee,copper,Pendant,necklace,boho,unique_gift,bug_jewelry,Electroformed,choker,olive_green,bug","https://i.etsystatic.com/20733072/r/il/1ab302/2763354809/il_fullxfull.2763354809_hs4f.jpg, https://i.etsystatic.com/20733072/r/il/693cd9/2715673390/il_fullxfull.2715673390_rl76.jpg,        https://i.etsystatic.com/20733072/r/il/bf34a0/2715673456/il_fullxfull.2715673456_bodk.jpg,        https://i.etsystatic.com/20733072/r/il/6a95d3/2715673166/il_fullxfull.2715673166_lx05.jpg,        https://i.etsystatic.com/20733072/r/il/2f5263/2763354877/il_fullxfull.2763354877_9jvi.jpg,        https://i.etsystatic.com/20733072/r/il/7b0c58/2715673514/il_fullxfull.2715673514_rqwc.jpg,        https://i.etsystatic.com/20733072/r/il/48ee71/2763355193/il_fullxfull.2763355193_our4.jpg,        https://i.etsystatic.com/20733072/r/il/0f710f/2715673666/il_fullxfull.2715673666_6w8j.jpg,        https://i.etsystatic.com/20733072/r/il/2c5adc/2763355335/il_fullxfull.2763355335_2hxy.jpg,        https://i.etsystatic.com/20733072/r/il/c01edf/2763355421/il_fullxfull.2763355421_qvy9.jpg"
Stag Deer Antler Labradorite Seashell Amazonite Pendant Necklace,This iridescent blue teardrop labradorite cabachon has a hand created and electroplated stag skull design with natural seashell and Amazonite details on the antlers.,74,1,"Stag,Antler,Deer,Skull,Amazonite,Labradorite,Electroplated,Iridescent,Electroformed,Copper,Unique_gift,Pendant,Hand_made","https://i.etsystatic.com/20733072/r/il/87dc82/2140536199/il_fullxfull.2140536199_175h.jpg, https://i.etsystatic.com/20733072/r/il/817a7c/2140536129/il_fullxfull.2140536129_l3pm.jpg,	https://i.etsystatic.com/20733072/r/il/3a7f6e/2140536257/il_fullxfull.2140536257_se6h.jpg,	https://i.etsystatic.com/20733072/r/il/6b8997/2140536047/il_fullxfull.2140536047_fsh7.jpg,	https://i.etsystatic.com/20733072/r/il/171259/2092975758/il_fullxfull.2092975758_ks1k.jpg,	https://i.etsystatic.com/20733072/r/il/61305e/2140535993/il_fullxfull.2140535993_bdpy.jpg,	https://i.etsystatic.com/20733072/r/il/625196/2092975570/il_fullxfull.2092975570_aari.jpg,	https://i.etsystatic.com/20733072/r/il/fda890/2140536185/il_fullxfull.2140536185_97oo.jpg,	https://i.etsystatic.com/20733072/r/il/12d2aa/2140536251/il_fullxfull.2140536251_2dna.jpg,	https://i.etsystatic.com/20733072/r/il/f1508f/2092975754/il_fullxfull.2092975754_82sx.jpg"
Geometric Ammonite Fossil Electroformed Pendant Necklace Unique Gift,"This fossilized ammonite half has been electroformed to have copper and geometric details. The copper has a dark patina with a polished copper finish, then covered in environmentally friendly sealant to prevent further metal tarnishing or color transfer. Three natural Amazonite stones accent the top of the pendant. 

Ammonites lived in the seas until they went extinct in the Cretaceous period about 66 million years ago! However, these Sea dwelling creatures left behind many fossilized specimens that help us gain knowledge, admiration, and appreciation of the past...",52,1,"Fossilized,Fossil,Pendant,Unique_gift,Amazonite,Ammonite,Copper,Electroformed,Electroplated,Aquatic","https://i.etsystatic.com/20733072/r/il/7c04b7/2112657049/il_fullxfull.2112657049_6rc7.jpg, https://i.etsystatic.com/20733072/r/il/1a4b6f/2065082856/il_fullxfull.2065082856_kch1.jpg,        https://i.etsystatic.com/20733072/r/il/a27bb0/2112657063/il_fullxfull.2112657063_bhqj.jpg,        https://i.etsystatic.com/20733072/r/il/604fe7/2065082938/il_fullxfull.2065082938_anzo.jpg,        https://i.etsystatic.com/20733072/r/il/b145b5/2112657147/il_fullxfull.2112657147_rev2.jpg,        https://i.etsystatic.com/20733072/r/il/7396e3/2065082956/il_fullxfull.2065082956_lrel.jpg,        https://i.etsystatic.com/20733072/r/il/a47b61/2065083006/il_fullxfull.2065083006_8ccz.jpg,        https://i.etsystatic.com/20733072/r/il/582967/2112657239/il_fullxfull.2112657239_ee59.jpg,    https://i.etsystatic.com/20733072/r/il/74c054/2112657251/il_fullxfull.2112657251_enzb.jpg,        https://i.etsystatic.com/20733072/r/il/64512c/2112657283/il_fullxfull.2112657283_egcr.jpg"
Golden Pink Toned Labradorite Electroformed Geometric Pendant with Amazonite Unique Gift,This golden pink toned labradorite pendant was electroformed to have geometric and copper details. The pendant is finished with three natural Amazonite beads accenting the top.,60,1,"Bohemian,Golden,Iridescent,Labradorite,Electroplated,Electroformed,Copper,Amazonite,Unique_gift,Pendant","https://i.etsystatic.com/20733072/r/il/4f9fa9/2065102088/il_fullxfull.2065102088_1yns.jpg, https://i.etsystatic.com/20733072/r/il/3c497a/2112676655/il_fullxfull.2112676655_2915.jpg,	https://i.etsystatic.com/20733072/r/il/cc4e14/2112676617/il_fullxfull.2112676617_p6ha.jpg,	https://i.etsystatic.com/20733072/r/il/957478/2065102142/il_fullxfull.2065102142_f4ub.jpg,	https://i.etsystatic.com/20733072/r/il/48455f/2065102144/il_fullxfull.2065102144_383i.jpg,	https://i.etsystatic.com/20733072/r/il/6f510c/2065102148/il_fullxfull.2065102148_bdbn.jpg,	https://i.etsystatic.com/20733072/r/il/a9713c/2065102198/il_fullxfull.2065102198_7y8v.jpg,	https://i.etsystatic.com/20733072/r/il/2571fe/2112676787/il_fullxfull.2112676787_w50t.jpg,	https://i.etsystatic.com/20733072/r/il/57bf04/2065102252/il_fullxfull.2065102252_lkab.jpg,	https://i.etsystatic.com/20733072/r/il/2ff4f2/2065102300/il_fullxfull.2065102300_4q1c.jpg"
Octopus Tentacle and Coral Designed Electroplated Copper Labradorite Pendant Necklace,"This labradorite stone has coral sprouting out the side and is entwined with an octopus tentacle, then electroplated with copper and tarnished for an antique finish. The pendant is then coated in an environmentally friendly sealant to maintain appearance.",62,1,"Oceanic,Coral,Octopus,Tentacle,Mermaid,Aquatic,Unique_gift,Iridescent,Copper,Electroplated,Electroformed,Pendant,Labradorite","https://i.etsystatic.com/20733072/r/il/e84c03/2234917441/il_fullxfull.2234917441_6hho.jpg, https://i.etsystatic.com/20733072/r/il/f5921a/2234917439/il_fullxfull.2234917439_pifk.jpg,	https://i.etsystatic.com/20733072/r/il/fcc168/2187366708/il_fullxfull.2187366708_4olx.jpg,	https://i.etsystatic.com/20733072/r/il/9ebdd2/2187366786/il_fullxfull.2187366786_m43e.jpg,	https://i.etsystatic.com/20733072/r/il/09b545/2187366790/il_fullxfull.2187366790_o527.jpg		"
Hexagonal Electroplated Copper Labradorite with Amazonite Pendant Necklace,"This labradorite stone has electroplated copper hexagonal details that contrast beautifully with the striking iridescent natural stone, and Amazonite beads accenting the top. The copper is tarnished with an antique finish then coated with an environmentally friendly sealant to maintain appearance.",50,1,"Hexagon,Labradorite,Pendant,Electroformed,Electroplated,Copper,Witch,Geometric,Iridescent,Unique_gift,Hippie,Bohemian,Amazonite","https://i.etsystatic.com/20733072/r/il/f86541/2234900603/il_fullxfull.2234900603_xngv.jpg, https://i.etsystatic.com/20733072/r/il/4a044d/2234900607/il_fullxfull.2234900607_f3d9.jpg,        https://i.etsystatic.com/20733072/r/il/552ff1/2234900605/il_fullxfull.2234900605_g36u.jpg        "
Labradorite and Teal Fluorite Electroformed Copper Pendant Necklace with Amazonite Bead Accent,"This labradorite pendant has a natural yet futuristic style that ties the iridescent labradorite stone and naturally occurring geometrically shaped fluorite into an intriguing, unified piece. Blue Amazonite beads accent the striking teal of the Flourite as well as contrast against the copper. The pendant is electroplated with copper and tarnished for an antique finish, then finally coated with an environmentally friendly sealant to maintain appearance.",75,1,"Hippie,Bohemian,Witch,Futuristic,Geometric,Fluorite,Iridescent,Unique_gift,Pendant,Electroformed,Electroplated,Copper,Labradorite","https://i.etsystatic.com/20733072/r/il/173529/2187340732/il_fullxfull.2187340732_trtz.jpg, https://i.etsystatic.com/20733072/r/il/f5b649/2234892199/il_fullxfull.2234892199_16cz.jpg,        https://i.etsystatic.com/20733072/r/il/a68edb/2234892259/il_fullxfull.2234892259_6733.jpg,        https://i.etsystatic.com/20733072/r/il/ee721d/2234892265/il_fullxfull.2234892265_qtt9.jpg,        https://i.etsystatic.com/20733072/r/il/3b311d/2234892275/il_fullxfull.2234892275_palf.jpg,        https://i.etsystatic.com/20733072/r/il/145015/2187340876/il_fullxfull.2187340876_3wfk.jpg"
Nature Inspired Copper Labradorite Pendant,This beautiful Labradorite stone is plated with copper and hand designed with the essence of nature in mind. The green and blue iridescent colors are beautifully complimented by the aquatic green agate stone bean accent on the chain.,40,1,"Labradorite,Copper,Electroformed,Electroplated,Pendant,Unique_gift,Iridescent","https://i.etsystatic.com/20733072/r/il/69ffa1/2079618291/il_fullxfull.2079618291_jjqk.jpg, https://i.etsystatic.com/20733072/r/il/936189/2079614117/il_fullxfull.2079614117_nrs1.jpg,	https://i.etsystatic.com/20733072/r/il/95f7fd/2079614119/il_fullxfull.2079614119_sz2m.jpg,	https://i.etsystatic.com/20733072/r/il/2201a8/2079614215/il_fullxfull.2079614215_kdtg.jpg,	https://i.etsystatic.com/20733072/r/il/10f0af/2032004876/il_fullxfull.2032004876_u09f.jpg,	https://i.etsystatic.com/20733072/r/il/868fe3/2032004884/il_fullxfull.2032004884_fe6s.jpg,	https://i.etsystatic.com/20733072/r/il/3474af/2079614233/il_fullxfull.2079614233_iowd.jpg,	https://i.etsystatic.com/20733072/r/il/cb0789/2032004892/il_fullxfull.2032004892_qvi9.jpg,	https://i.etsystatic.com/20733072/r/il/ef5bc8/2032004900/il_fullxfull.2032004900_4cu6.jpg,	https://i.etsystatic.com/20733072/r/il/2aed1c/2079614243/il_fullxfull.2079614243_r5sm.jpg"
Bohemian Heart Labradorite Pendant,"This labradorite has blue, pink, and gold iridescent colors that change as you move!",40,1,"Labradorite,Copper,Electroformed,Electroplated,Pendant,Unique_gift,Iridescent","https://i.etsystatic.com/20733072/r/il/6ebfd6/2032056598/il_fullxfull.2032056598_4be5.jpg, https://i.etsystatic.com/20733072/r/il/b9900c/2032055496/il_fullxfull.2032055496_nqed.jpg,	https://i.etsystatic.com/20733072/r/il/89c796/2079664533/il_fullxfull.2079664533_4mj4.jpg,	https://i.etsystatic.com/20733072/r/il/454a1c/2032055278/il_fullxfull.2032055278_i7oo.jpg,	https://i.etsystatic.com/20733072/r/il/deae23/2032055494/il_fullxfull.2032055494_5935.jpg,	https://i.etsystatic.com/20733072/r/il/4de995/2032055486/il_fullxfull.2032055486_sta5.jpg,	https://i.etsystatic.com/20733072/r/il/78b2c6/2079664497/il_fullxfull.2079664497_6nm6.jpg,	https://i.etsystatic.com/20733072/r/il/7f9911/2079664495/il_fullxfull.2079664495_evk6.jpg,	https://i.etsystatic.com/20733072/r/il/afba7c/2079664559/il_fullxfull.2079664559_pe6w.jpg"
Alien Labradorite and Fluorite Pendant,"I have paired Labradorite and fluorite stones to make this unique, alien-inspired pendant. I plated the gems with copper, giving it a sleek and strong structure. The Labradorite is cut and polished into a classic teardrop shape, though the fluorite is naturally geometrically shaped! The natural teal fluorite color echos the iridescent blue and green notes of the Labradorite stone",72,1,"Labradorite,Fluorite,Alien,Electroformed,Electroplated,Copper,Pendant,Unique_gift,Iridescent","https://i.etsystatic.com/20733072/r/il/90d6f3/2079543479/il_fullxfull.2079543479_4mmi.jpg, https://i.etsystatic.com/20733072/r/il/986b65/2031933540/il_fullxfull.2031933540_a243.jpg,	https://i.etsystatic.com/20733072/r/il/7f106c/2031933600/il_fullxfull.2031933600_gtjq.jpg,	https://i.etsystatic.com/20733072/r/il/0bd49b/2079543569/il_fullxfull.2079543569_7m37.jpg,	https://i.etsystatic.com/20733072/r/il/30e981/2031933602/il_fullxfull.2031933602_trot.jpg,	https://i.etsystatic.com/20733072/r/il/ac2c59/2079543577/il_fullxfull.2079543577_q1b2.jpg,	https://i.etsystatic.com/20733072/r/il/b93493/2031933622/il_fullxfull.2031933622_egf2.jpg,	https://i.etsystatic.com/20733072/r/il/a8034f/2079543601/il_fullxfull.2079543601_h573.jpg	"
Leaf Labradorite Copper Pendant,This beautiful blue-green iridescent teardrop shaped labradorite is plated with copper and embellished with a hand-made leaf design. The pendant is finished with a green aquatic agate accent on the chain.,40,1,"Leaf,Labradorite,Copper,Electroformed,Electroplated,Pendant,Green_aquatic_agate,Agate,Aquatic,Iridescent","https://i.etsystatic.com/20733072/r/il/1fdb77/2031924460/il_fullxfull.2031924460_9u6w.jpg, https://i.etsystatic.com/20733072/r/il/0daa8c/2079534109/il_fullxfull.2079534109_afcr.jpg,	https://i.etsystatic.com/20733072/r/il/dad885/2031924466/il_fullxfull.2031924466_4wh4.jpg,	https://i.etsystatic.com/20733072/r/il/05abfe/2031924468/il_fullxfull.2031924468_r8kh.jpg,	https://i.etsystatic.com/20733072/r/il/66e61f/2079534111/il_fullxfull.2079534111_656w.jpg,	https://i.etsystatic.com/20733072/r/il/050226/2079534151/il_fullxfull.2079534151_5ome.jpg,	https://i.etsystatic.com/20733072/r/il/d75692/2031924532/il_fullxfull.2031924532_1a8p.jpg,	https://i.etsystatic.com/20733072/r/il/ba6c0b/2031924548/il_fullxfull.2031924548_9w0p.jpg,	https://i.etsystatic.com/20733072/r/il/196c44/2031924600/il_fullxfull.2031924600_gdzw.jpg,	https://i.etsystatic.com/20733072/r/il/5963a7/2031924676/il_fullxfull.2031924676_en7m.jpg"
Skeleton Moth Copper and Labradorite Pendant,This oddity was designed with a hand created copper plated moth that has a subtle skull-like appearance. The green and blue iridescent colors are beautifully complimented by the aquatic green agate bead on the chain.,40,1,"Labradorite,Skull,Skeleton,Copper,Electroplated,Electroformed,Moth,Insect,Unique_gift,Iridescent","https://i.etsystatic.com/20733072/r/il/bfbf88/2079139131/il_fullxfull.2079139131_50xc.jpg, https://i.etsystatic.com/20733072/r/il/b93525/2079139471/il_fullxfull.2079139471_1f3g.jpg,	https://i.etsystatic.com/20733072/r/il/b580ea/2031527978/il_fullxfull.2031527978_6bu6.jpg,	https://i.etsystatic.com/20733072/r/il/8435e7/2031931394/il_fullxfull.2031931394_ex3q.jpg,	https://i.etsystatic.com/20733072/r/il/1ef46c/2031527332/il_fullxfull.2031527332_4rpy.jpg,	https://i.etsystatic.com/20733072/r/il/aa2195/2031527470/il_fullxfull.2031527470_scbd.jpg, https://i.etsystatic.com/20733072/r/il/026fe1/2031527562/il_fullxfull.2031527562_tee0.jpg,	https://i.etsystatic.com/20733072/r/il/03779e/2079138999/il_fullxfull.2079138999_1l7u.jpg"
Swirl Copper Labradorite Pendant,This labradorite pendant shines with changing iridescent blues and a touch of light pinks. A blue goldstone bead accent on the chain highlights the captivating blue shine of the Labradorite.,38,1,"Labradorite,Copper,Electroformed,Electroplated,Unique_gift,Pendant,Iridescent,Blue_goldstone","https://i.etsystatic.com/20733072/r/il/77c9b1/2079654273/il_fullxfull.2079654273_3mmk.jpg, https://i.etsystatic.com/20733072/r/il/ef576d/2032044998/il_fullxfull.2032044998_3nx6.jpg,	https://i.etsystatic.com/20733072/r/il/6a2d4b/2079654271/il_fullxfull.2079654271_m0rm.jpg,	https://i.etsystatic.com/20733072/r/il/67bd2b/2079654277/il_fullxfull.2079654277_5r8t.jpg,	https://i.etsystatic.com/20733072/r/il/5b095c/2032045072/il_fullxfull.2032045072_4vuk.jpg,	https://i.etsystatic.com/20733072/r/il/57b4fc/2079654317/il_fullxfull.2079654317_5cd8.jpg,	https://i.etsystatic.com/20733072/r/il/64e9e4/2079654321/il_fullxfull.2079654321_ojny.jpg	"
Copper Mushroom and Leaf Labradorite Pendant,"üçÑ This labradorite is so vividly iridescent blue, contrasting beautifully with the mushroom and leaf inspired copper details.

All my copper pieces are sealed with an environmentally friendly sealant to maintain appearance.",40,1,"Labradorite,Lace,Copper,Electroformed,Electroplated,Pendant,Unique_gift,Blue,Iridescent","https://i.etsystatic.com/20733072/r/il/c65b63/2079551483/il_fullxfull.2079551483_8f91.jpg, https://i.etsystatic.com/20733072/r/il/d09147/2031941692/il_fullxfull.2031941692_6ph7.jpg,	https://i.etsystatic.com/20733072/r/il/3919cb/2079551493/il_fullxfull.2079551493_7x18.jpg,	https://i.etsystatic.com/20733072/r/il/70e18d/2031941696/il_fullxfull.2031941696_6uc6.jpg,	https://i.etsystatic.com/20733072/r/il/573628/2031941698/il_fullxfull.2031941698_ize4.jpg,	https://i.etsystatic.com/20733072/r/il/fb735f/2031997672/il_fullxfull.2031997672_nk76.jpg,	https://i.etsystatic.com/20733072/r/il/76edae/2031999404/il_fullxfull.2031999404_kmlm.jpg"
Mandala Copper and Labradorite Pendant,This teardrop shaped Labradorite Pendant is plated with copper and embellished with a mandala inspired copper design on the front. The blue and green iridescent colors are beautifully complimented by the aquatic green agate bead accent on the chain.,40,1,"Labradorite,Copper,Electroplated,Electroformed,Pendant,Unique_gift,Iridescent,Aquatic","https://i.etsystatic.com/20733072/r/il/9d84d0/2079542917/il_fullxfull.2079542917_hovo.jpg, https://i.etsystatic.com/20733072/r/il/8b3764/2031495864/il_fullxfull.2031495864_d3oh.jpg,	https://i.etsystatic.com/20733072/r/il/b774aa/2031495920/il_fullxfull.2031495920_c73q.jpg,	https://i.etsystatic.com/20733072/r/il/af1ff5/2031496036/il_fullxfull.2031496036_1163.jpg,	https://i.etsystatic.com/20733072/r/il/aec679/2031496184/il_fullxfull.2031496184_sgkt.jpg,	https://i.etsystatic.com/20733072/r/il/905cfd/2079106877/il_fullxfull.2079106877_r0rz.jpg,	https://i.etsystatic.com/20733072/r/il/661bdc/2031496392/il_fullxfull.2031496392_g0k8.jpg,	https://i.etsystatic.com/20733072/r/il/6069ea/2079107141/il_fullxfull.2079107141_j0va.jpg,	https://i.etsystatic.com/20733072/r/il/2d421d/2031496716/il_fullxfull.2031496716_k76e.jpg"
Fern Leaf Blue Labradorite Electroformed Copper Pendant Necklace,This teardrop shaped labradorite pendant has two copper electroplated fern designs wrapping around the front of the stone. The copper is tarnish and polished for an antique look and finished with an environmentally friendly sealant.,46,1,"Leaf,Blue_Stone,Witch,Nature,Bohemian,Iridescent,Unique_gift,Pendant,Electroformed,Electroplated,Copper,Labradorite,Fern","https://i.etsystatic.com/20733072/r/il/bd3022/2212459443/il_fullxfull.2212459443_21lj.jpg, https://i.etsystatic.com/20733072/r/il/52d718/2212459445/il_fullxfull.2212459445_g8rv.jpg,	https://i.etsystatic.com/20733072/r/il/50c5cf/2212459439/il_fullxfull.2212459439_nc9k.jpg,	https://i.etsystatic.com/20733072/r/il/0a16cf/2164896362/il_fullxfull.2164896362_c1ip.jpg,	https://i.etsystatic.com/20733072/r/il/00119b/2164896370/il_fullxfull.2164896370_pzsk.jpg"
Geometric Labradorite and Tigers Eye Electroformed Copper Pendant Necklace,This Beautiful golden iridescent labradorite pendant has geometric details and a natural tigers eye stone embedded in the electroformed copper. The copper is tarnished with an antique finish and sealed with an environmentally friendly sealant.,46,1,"Labradorite,Copper,Electroplated,Electroformed,Pendant,Unique_gift,Iridescent,Bohemian,Nature,Golden,Witch,Hand_made,Geometric","https://i.etsystatic.com/20733072/r/il/8b8918/2212444543/il_fullxfull.2212444543_b8b6.jpg, https://i.etsystatic.com/20733072/r/il/d4013e/2212444547/il_fullxfull.2212444547_ll0j.jpg,	https://i.etsystatic.com/20733072/r/il/1c8d55/2212444545/il_fullxfull.2212444545_hyp0.jpg,	https://i.etsystatic.com/20733072/r/il/35167e/2212444687/il_fullxfull.2212444687_jusi.jpg,	https://i.etsystatic.com/20733072/r/il/a089fe/2164881652/il_fullxfull.2164881652_5hz5.jpg,	https://i.etsystatic.com/20733072/r/il/243f0a/2164881664/il_fullxfull.2164881664_d077.jpg"
Geometric Labradorite Electroformed Copper Pendant Necklace,This iridescent labradorite pendant has geometric designs to create a fusion of a natural and industrial appearance. The copper is tarnished with an antique finish and sealed with an environmentally friendly sealant.,42,1,"Geometric,Hand_made,Witch,Golden,Nature,Bohemian,Iridescent,Unique_gift,Pendant,Electroformed,Electroplated,Copper,Labradorite","https://i.etsystatic.com/20733072/r/il/73409e/2164874152/il_fullxfull.2164874152_75qi.jpg, https://i.etsystatic.com/20733072/r/il/b81373/2212437481/il_fullxfull.2212437481_aozv.jpg,	https://i.etsystatic.com/20733072/r/il/8d92c7/2164874298/il_fullxfull.2164874298_7mfo.jpg,	https://i.etsystatic.com/20733072/r/il/cd64cb/2212437653/il_fullxfull.2212437653_6v2x.jpg,	https://i.etsystatic.com/20733072/r/il/15b0df/2212437727/il_fullxfull.2212437727_5zz7.jpg	"
Pink Multi-Color Labradorite Electroformed Copper Pendant Necklace,This multi-colored pink labradorite pendant has a simple electroformed copper bezel and spiraled neck for a unique detail. The copper pendant is sealed with an environmentally friendly sealant to prevent tarnish.,30,1,"Golden,Hand_made,Pendant,Unique_gift,Copper,Electroformed,Iridescent,Electroplated,Labradorite,Witch,Pink_Stone,Nature,Bohemian","https://i.etsystatic.com/20733072/r/il/c84536/2202533975/il_fullxfull.2202533975_tu24.jpg, https://i.etsystatic.com/20733072/r/il/c97ab7/2202534085/il_fullxfull.2202534085_e9zz.jpg,	https://i.etsystatic.com/20733072/r/il/6d4c7a/2202534155/il_fullxfull.2202534155_mtu8.jpg,	https://i.etsystatic.com/20733072/r/il/c177ab/2154973970/il_fullxfull.2154973970_hp6g.jpg,	https://i.etsystatic.com/20733072/r/il/418560/2154974074/il_fullxfull.2154974074_q2ak.jpg,	https://i.etsystatic.com/20733072/r/il/7fe58f/2202534447/il_fullxfull.2202534447_os8z.jpg,	https://i.etsystatic.com/20733072/r/il/2ceb6b/2202534449/il_fullxfull.2202534449_9nbc.jpg,	https://i.etsystatic.com/20733072/r/il/88db87/2202534549/il_fullxfull.2202534549_l425.jpg,	https://i.etsystatic.com/20733072/r/il/ccee18/2154974276/il_fullxfull.2154974276_cn2g.jpg"
Golden Iridescent Labradorite Electroformed Copper Pendant Necklace,This gold iridescent teardrop shaped labradorite has a simple copper electroformed bezel and a spiraled neck for a unique finish. The copper pendant was sealed with a environmentally friendly sealant to prevent tarnish.,32,1,"Hand_made,Pendant,Unique_gift,Copper,Electroformed,Iridescent,Electroplated,Labradorite,Witch,Golden,Nature,Bohemian","https://i.etsystatic.com/20733072/r/il/cf0d83/2154949648/il_fullxfull.2154949648_psyu.jpg, https://i.etsystatic.com/20733072/r/il/4fc70a/2202509917/il_fullxfull.2202509917_t3ln.jpg,	https://i.etsystatic.com/20733072/r/il/75f63d/2202509807/il_fullxfull.2202509807_i13x.jpg,	https://i.etsystatic.com/20733072/r/il/e2e21a/2202510023/il_fullxfull.2202510023_f1bh.jpg	"
Copper Teardrop Labradorite Electroformed Pendant Necklace,This beautiful blue and green teardrop shaped labradorite has a simple electroformed copper detail with a spiraled neck for a unique finish. The copper pendant is sealed with an environmentally friendly sealant to prevent tarnish.,30,1,"Bohemian,Nature,Golden,Witch,Blue_Stone,Labradorite,Electroplated,Iridescent,Electroformed,Copper,Unique_gift,Pendant,Hand_made","https://i.etsystatic.com/20733072/r/il/347c24/2154940690/il_fullxfull.2154940690_aa1h.jpg, https://i.etsystatic.com/20733072/r/il/c5ef69/2154940684/il_fullxfull.2154940684_6e9u.jpg,	https://i.etsystatic.com/20733072/r/il/76dd5c/2202500809/il_fullxfull.2202500809_6c3g.jpg,	https://i.etsystatic.com/20733072/r/il/5e42e7/2154940820/il_fullxfull.2154940820_n0aa.jpg,	https://i.etsystatic.com/20733072/r/il/5927ee/2154940814/il_fullxfull.2154940814_2dox.jpg,	https://i.etsystatic.com/20733072/r/il/584694/2154940822/il_fullxfull.2154940822_4m82.jpg,	https://i.etsystatic.com/20733072/r/il/e7197a/2202501073/il_fullxfull.2202501073_b7yj.jpg,	https://i.etsystatic.com/20733072/r/il/c5ade2/2202501081/il_fullxfull.2202501081_a19q.jpg,	https://i.etsystatic.com/20733072/r/il/6a3e27/2202501087/il_fullxfull.2202501087_sphi.jpg,	https://i.etsystatic.com/20733072/r/il/c527a1/2154941042/il_fullxfull.2154941042_iz8a.jpg"
Leaf and Lace Labradorite Electroplated Copper Pendant Necklace,"This deep blue teardrop shaped labradorite pendant has a single leaf detail set upon a lace inspired design, which was plated in copper and tarnished with a dark, antique finish to make the iridescent stone shine even more!",40,1,"Blue_Stone,Nature,Leaf,Lace,Witch,Unique_gift,Pendant,Copper,Iridescent,Electroformed,Electroplated,Labradorite,Hand_made","https://i.etsystatic.com/20733072/r/il/9dd59e/2153732844/il_fullxfull.2153732844_lzfz.jpg, https://i.etsystatic.com/20733072/r/il/cf2708/2153732964/il_fullxfull.2153732964_9wuf.jpg,	https://i.etsystatic.com/20733072/r/il/bafa0f/2201296371/il_fullxfull.2201296371_jf7g.jpg,	https://i.etsystatic.com/20733072/r/il/0e2de3/2153733148/il_fullxfull.2153733148_m4qk.jpg,	https://i.etsystatic.com/20733072/r/il/df0666/2201296479/il_fullxfull.2201296479_qnyo.jpg,	https://i.etsystatic.com/20733072/r/il/bc7935/2153733256/il_fullxfull.2153733256_38il.jpg,	https://i.etsystatic.com/20733072/r/il/c99098/2491792544/il_fullxfull.2491792544_or8t.jpg	"
Daisy and Vines Labradorite Electroplated Copper Pendant Necklace,"üåºüåøThis heart shaped labradorite pendant was inspired by the delicate beauty of a spring daisy. That being paired with the dark, antique patina finish and iridescent sheen of the pink stone, makes this pendant a truly striking piece.

All my copper pieces are sealed with an environmentally friendly sealant to maintain appearance.",40,1,"Ivy,Pink_Stone,Flower,Daisy,Hand_made,Labradorite,Electroplated,Electroformed,Iridescent,Copper,Pendant,Unique_gift,Witch","https://i.etsystatic.com/20733072/r/il/4f5785/2153729504/il_fullxfull.2153729504_ogtu.jpg, https://i.etsystatic.com/20733072/r/il/4c6edf/2153729592/il_fullxfull.2153729592_5ijd.jpg,	https://i.etsystatic.com/20733072/r/il/99cf38/2153729710/il_fullxfull.2153729710_58e5.jpg,	https://i.etsystatic.com/20733072/r/il/326825/2201293245/il_fullxfull.2201293245_q6gt.jpg,	https://i.etsystatic.com/20733072/r/il/46cd6f/2153729824/il_fullxfull.2153729824_o4su.jpg,	https://i.etsystatic.com/20733072/r/il/a46ab6/2153729958/il_fullxfull.2153729958_d7jv.jpg,	https://i.etsystatic.com/20733072/r/il/2aff91/2153730082/il_fullxfull.2153730082_8me8.jpg,	https://i.etsystatic.com/20733072/r/il/600e20/2153730196/il_fullxfull.2153730196_mycd.jpg,	https://i.etsystatic.com/20733072/r/il/e6204b/2153730202/il_fullxfull.2153730202_88p3.jpg,	https://i.etsystatic.com/20733072/r/il/99fd3b/2153730334/il_fullxfull.2153730334_atle.jpg"
Green Ivy Labradorite Electroplated Copper Pendant Necklace,"This teardrop shaped labradorite pendant was inspired by the natural coils and leaves of the ivy plant. The copper is electroplated onto the pendant then finished with a dark, antiqued patina to make the iridescent qualities of the stone shine even brighter!

All my copper pieces are sealed with an environmentally friendly sealant to maintain appearance.",50,1,"Hand_made,Labradorite,Electroplated,Electroformed,Iridescent,Copper,Pendant,Unique_gift,Witch,Ivy","https://i.etsystatic.com/20733072/r/il/a4701b/2153712588/il_fullxfull.2153712588_6yih.jpg, https://i.etsystatic.com/20733072/r/il/afaf78/2153712716/il_fullxfull.2153712716_m4ju.jpg,	https://i.etsystatic.com/20733072/r/il/0f0b5e/2153712804/il_fullxfull.2153712804_aw0h.jpg,	https://i.etsystatic.com/20733072/r/il/3c64ed/2153712928/il_fullxfull.2153712928_hmie.jpg,	https://i.etsystatic.com/20733072/r/il/11315a/2153712934/il_fullxfull.2153712934_av3z.jpg,	https://i.etsystatic.com/20733072/r/il/938f91/2153713034/il_fullxfull.2153713034_ihhh.jpg,	https://i.etsystatic.com/20733072/r/il/0f9398/2153713040/il_fullxfull.2153713040_fhws.jpg,	https://i.etsystatic.com/20733072/r/il/353ad1/2201276485/il_fullxfull.2201276485_7b8g.jpg"
Copper Electroformed Green Veiled Chameleon Tigers Eye Pendant,"üåøI love the intelligent, calculating eyes of the Veiled Chameleon! The seashells I used for the eyes have so much natural detail and character that they inspired the chameleon design ü¶éüêö This one has been electroformed with copper and has a tigers eye stone placed snuggly in it‚Äôs coiled tail. Tigers eye beads accent the chain for more pops of iridescenceüòä The copper and green patina have been sealed with an environmentally friendly sealant to maintain bright appearance. 

The chain is about 28 inches in length with the tigers eye beads. I can add a clasp to the chain if you want (free of charge), but the chain should be long enough to just pull over your head. I can also remove a few inches of the chain if you would prefer it to be a little shorter üòäüëç Just let me know!",69,1,"tigers_eye,seashell,Iridescent,Electroplated,Bohemian,Unique_gift,nature_inspired,Copper,Pendant,Electroformed,veiled_chameleon,chameleon","https://i.etsystatic.com/20733072/r/il/0e5d66/2668728959/il_fullxfull.2668728959_iduk.jpg, https://i.etsystatic.com/20733072/r/il/901417/2668729821/il_fullxfull.2668729821_swto.jpg,	https://i.etsystatic.com/20733072/r/il/a2a196/2668741453/il_fullxfull.2668741453_9a4s.jpg,	https://i.etsystatic.com/20733072/r/il/8753e4/2668728127/il_fullxfull.2668728127_b0ru.jpg,	https://i.etsystatic.com/20733072/r/il/a47e47/2668728409/il_fullxfull.2668728409_5rbj.jpg,	https://i.etsystatic.com/20733072/r/il/d66553/2668728703/il_fullxfull.2668728703_ekkd.jpg,	https://i.etsystatic.com/20733072/r/il/115779/2668729263/il_fullxfull.2668729263_5mc8.jpg,	https://i.etsystatic.com/20733072/r/il/c0aaa5/2621075086/il_fullxfull.2621075086_fh4u.jpg,	https://i.etsystatic.com/20733072/r/il/a8af90/2621075638/il_fullxfull.2621075638_2ufd.jpg,	https://i.etsystatic.com/20733072/r/il/332a31/2668727861/il_fullxfull.2668727861_gc07.jpg,"
Copper Electroformed Green Veiled Chameleon Tigers Eye Pendant,"üåøI love the intelligent, calculating eyes of the Veiled Chameleon! The seashells I used for the eyes have so much natural detail and character that they inspired the chameleon design ü¶éüêö This one has been electroformed with copper and has a tigers eye stone placed snuggly in it‚Äôs coiled tail. Tigers eye beads accent the chain for more pops of iridescenceüòä The copper and green patina have been sealed with an environmentally friendly sealant to maintain bright appearance. 

The chain is about 28 inches in length with the tigers eye beads. I can add a clasp to the chain if you want (free of charge), but the chain should be long enough to just pull over your head. I can also remove a few inches of the chain if you would prefer it to be a little shorter üòäüëç Just let me know!",69,1,"chameleon,veiled_chameleon,Electroformed,Pendant,Copper,nature_inspired,Unique_gift,Bohemian,Electroplated,Iridescent,seashell,tigers_eye","https://i.etsystatic.com/20733072/r/il/3f1b88/2668714357/il_fullxfull.2668714357_3pnr.jpg, https://i.etsystatic.com/20733072/r/il/f64a16/2621060484/il_fullxfull.2621060484_cuif.jpg,	https://i.etsystatic.com/20733072/r/il/1e798a/2668714933/il_fullxfull.2668714933_k7wb.jpg,	https://i.etsystatic.com/20733072/r/il/93c500/2668715217/il_fullxfull.2668715217_qzrr.jpg,	https://i.etsystatic.com/20733072/r/il/a3c2d8/2621061294/il_fullxfull.2621061294_pcev.jpg,	https://i.etsystatic.com/20733072/r/il/1e6ad3/2621061586/il_fullxfull.2621061586_fj7g.jpg,	https://i.etsystatic.com/20733072/r/il/d23e21/2621061888/il_fullxfull.2621061888_pzar.jpg,	https://i.etsystatic.com/20733072/r/il/39c3a5/2668716353/il_fullxfull.2668716353_66q8.jpg,	https://i.etsystatic.com/20733072/r/il/595bf7/2668716595/il_fullxfull.2668716595_d0ws.jpg"
Copper Electroformed Blue-Green Veiled Chameleon Tigers Eye Pendant,"üåøI love the intelligent, calculating eyes of the Veiled Chameleon! The seashells I used for the eyes have so much natural detail and character that they inspired the chameleon design ü¶éüêö This one has been electroformed with copper and has a tigers eye stone placed snuggly in it‚Äôs coiled tail. Tigers eye beads accent the chain for more pops of iridescenceüòä The copper and blue-green patina have been sealed with an environmentally friendly sealant to maintain bright appearance. 

The chain is about 28 inches in length with the tigers eye beads. I can add a clasp to the chain if you want (free of charge), but the chain should be long enough to just pull over your head. I can also remove a few inches of the chain if you would prefer it to be a little shorter üòäüëç Just let me know!",69,1,"tigers_eye,seashell,Iridescent,Electroplated,Bohemian,Unique_gift,nature_inspired,Copper,Pendant,Electroformed,veiled_chameleon,chameleon","https://i.etsystatic.com/20733072/r/il/98bc52/2668685155/il_fullxfull.2668685155_1got.jpg, https://i.etsystatic.com/20733072/r/il/72312c/2668685411/il_fullxfull.2668685411_1fsk.jpg,	https://i.etsystatic.com/20733072/r/il/017e81/2621031572/il_fullxfull.2621031572_ibc2.jpg,	https://i.etsystatic.com/20733072/r/il/1312a2/2668685993/il_fullxfull.2668685993_hdxa.jpg,	https://i.etsystatic.com/20733072/r/il/22315b/2668686343/il_fullxfull.2668686343_326s.jpg,	https://i.etsystatic.com/20733072/r/il/ee962f/2668706741/il_fullxfull.2668706741_tpmk.jpg"
Copper Electroformed Blue-Green Veiled Chameleon Labradorite Pendant,"üåøI love the intelligent, calculating eyes of the Veiled Chameleon! The seashells I used for the eyes have so much natural detail and character that they inspired the chameleon design ü¶éüêö This one has been electroformed with copper and has a labradorite stone placed snuggly in it‚Äôs coiled tail. Labradorite beads accent the chain for more pops of iridescenceüòä The copper and blue-green patina have been sealed with an environmentally friendly sealant to maintain bright appearance. 

The chain is about 28 inches in length with the labradorite beads. I can add a clasp to the chain if you want (free of charge), but the chain should be long enough to just pull over your head. I can also remove a few inches of the chain if you would prefer it to be a little shorter üòäüëç Just let me know!",69,1,"chameleon,veiled_chameleon,Electroformed,Pendant,Copper,nature_inspired,Unique_gift,Bohemian,Electroplated,Labradorite,Iridescent,seashell","https://i.etsystatic.com/20733072/r/il/4c3a18/2621007520/il_fullxfull.2621007520_1ezz.jpg, https://i.etsystatic.com/20733072/r/il/882620/2621007590/il_fullxfull.2621007590_eief.jpg,	https://i.etsystatic.com/20733072/r/il/9effbb/2621007592/il_fullxfull.2621007592_mhjw.jpg,	https://i.etsystatic.com/20733072/r/il/661dfa/2668662195/il_fullxfull.2668662195_teon.jpg,	https://i.etsystatic.com/20733072/r/il/05f11f/2668662339/il_fullxfull.2668662339_qyv5.jpg,	https://i.etsystatic.com/20733072/r/il/0afe38/2668662305/il_fullxfull.2668662305_4z9w.jpg"
Copper Electroformed Blue-Green Veiled Chameleon Labradorite Pendant,"üåøI love the intelligent, calculating eyes of the Veiled Chameleon! The seashells I used for the eyes have so much natural detail and character that they inspired the chameleon design ü¶éüêö This one has been electroformed with copper and has a labradorite stone placed snuggly in it‚Äôs coiled tail. Labradorite beads accent the chain for more pops of iridescenceüòä The copper and blue-green patina have been sealed with an environmentally friendly sealant to maintain bright appearance. 

The chain is about 28 inches in length with the labradorite beads. I can add a clasp to the chain if you want (free of charge), but the chain should be long enough to just pull over your head. I can also remove a few inches of the chain if you would prefer it to be a little shorter üòäüëç Just let me know!",69,1,"seashell,chameleon,veiled_chameleon,Electroformed,Pendant,Copper,nature_inspired,Unique_gift,Bohemian,Electroplated,Labradorite,Iridescent","https://i.etsystatic.com/20733072/r/il/6d4e7e/2668646293/il_fullxfull.2668646293_fg9a.jpg, https://i.etsystatic.com/20733072/r/il/ec44a8/2620976540/il_fullxfull.2620976540_6kqt.jpg,	https://i.etsystatic.com/20733072/r/il/038573/2668630741/il_fullxfull.2668630741_4ipb.jpg,	https://i.etsystatic.com/20733072/r/il/c2a5a4/2668630743/il_fullxfull.2668630743_nd5s.jpg,	https://i.etsystatic.com/20733072/r/il/b19c9a/2620977054/il_fullxfull.2620977054_ec1c.jpg,	https://i.etsystatic.com/20733072/r/il/b3b425/2620977048/il_fullxfull.2620977048_crb4.jpg,	https://i.etsystatic.com/20733072/r/il/3305e1/2668631173/il_fullxfull.2668631173_n5vy.jpg,	https://i.etsystatic.com/20733072/r/il/1dcb26/2620977476/il_fullxfull.2620977476_34sd.jpg,	https://i.etsystatic.com/20733072/r/il/ab422b/2620977516/il_fullxfull.2620977516_41mv.jpg,	https://i.etsystatic.com/20733072/r/il/ffcce0/2620977496/il_fullxfull.2620977496_zwbr.jpg"
Electroformed Veiled Blue-Green Chameleon Labradorite Pendant,"üåøI love the intelligent, calculating eyes of the Veiled Chameleon! The seashells I used for the eyes have so much natural detail and character that they inspired the chameleon design ü¶éüêö This one has been electroformed with copper and has a labradorite stone placed snuggly in it‚Äôs coiled tail. Labradorite beads accent the chain for more pops of iridescenceüòä The copper and blue-green patina have been sealed with an environmentally friendly sealant to maintain bright appearance. 

The chain is about 28 inches in length with the labradorite beads. I can add a clasp to the chain if you want (free of charge), but the chain should be long enough to just pull over your head. I can also remove a few inches of the chain if you would prefer it to be a little shorter üòäüëç Just let me know!",69,1,"seashell,Iridescent,Labradorite,Electroplated,Bohemian,Unique_gift,nature_inspired,Copper,Pendant,Electroformed,veiled_chameleon,chameleon","https://i.etsystatic.com/20733072/r/il/051391/2668612919/il_fullxfull.2668612919_g2r9.jpg, https://i.etsystatic.com/20733072/r/il/1d5749/2667408667/il_fullxfull.2667408667_389h.jpg,	https://i.etsystatic.com/20733072/r/il/e91829/2667408153/il_fullxfull.2667408153_hnjx.jpg,	https://i.etsystatic.com/20733072/r/il/75f09a/2619754236/il_fullxfull.2619754236_qqow.jpg,	https://i.etsystatic.com/20733072/r/il/f409cb/2619778120/il_fullxfull.2619778120_r7vb.jpg,	https://i.etsystatic.com/20733072/r/il/d54a3d/2619753920/il_fullxfull.2619753920_9ris.jpg,	https://i.etsystatic.com/20733072/r/il/5d21fa/2667408525/il_fullxfull.2667408525_hsa0.jpg,	https://i.etsystatic.com/20733072/r/il/49b73a/2667432149/il_fullxfull.2667432149_tiv9.jpg,	https://i.etsystatic.com/20733072/r/il/9c9120/2620958784/il_fullxfull.2620958784_46cq.jpg,	https://i.etsystatic.com/20733072/r/il/2d52ba/2668612929/il_fullxfull.2668612929_6pmm.jpg,"